Seed,Density,Execution Time,Path Length,Visited,min path,max path,min visited,max visited,norm path,norm visited,cost,optimality
1,0.4595,14.94050026,90,2279,90,120,1341,5458,0,0.227835803,0.068350741,14.63020529
4,0.379,13.27490807,96,1948,,,,,0.2,0.147437454,0.184231236,5.427931723
7,0.3715,20.85876465,100,3046,,,,,0.333333333,0.414136507,0.357574285,2.796613862
9,0.4205,20.72691917,92,2943,,,,,0.066666667,0.38911829,0.163402154,6.119832926
11,0.391,14.08600807,92,2034,,,,,0.066666667,0.168326451,0.097164602,10.29170796
13,0.3815,21.66867256,92,2999,,,,,0.066666667,0.402720427,0.167482795,5.970726902
15,0.4105,20.4846859,92,2767,,,,,0.066666667,0.346368715,0.150577281,6.641063984
16,0.3495,24.22499657,96,3261,,,,,0.2,0.466358999,0.2799077,3.572593495
19,0.399,15.84267616,92,2291,,,,,0.066666667,0.230750547,0.115891831,8.628661451
20,0.392,19.50025558,92,2807,,,,,0.066666667,0.356084528,0.153492025,6.514954021
21,0.4045,21.69942856,96,3114,,,,,0.2,0.430653388,0.269196017,3.714751422
22,0.353,21.32320404,96,3116,,,,,0.2,0.431139179,0.269341754,3.712741428
25,0.465,19.54698563,94,2797,,,,,0.133333333,0.353655574,0.199430006,5.014265443
26,0.414,17.05121994,92,2506,,,,,0.066666667,0.282973039,0.131558578,7.601118925
27,0.3855,19.3092823,90,2741,,,,,0,0.340053437,0.102016031,9.802284867
28,0.4405,19.4838047,92,2799,,,,,0.066666667,0.354141365,0.152909076,6.539791392
30,0.3875,13.71335983,92,2024,,,,,0.066666667,0.165897498,0.096435916,10.36947302
35,0.3605,18.78714561,92,2561,,,,,0.066666667,0.296332281,0.135566351,7.376407323
38,0.396,14.24765587,92,2005,,,,,0.066666667,0.161282487,0.095051413,10.52051147
39,0.464,14.99700546,92,2099,,,,,0.066666667,0.184114647,0.101901061,9.813344241
42,0.3725,24.16849136,96,3285,,,,,0.2,0.472188487,0.281656546,3.550410824
44,0.453,16.77775383,92,2297,,,,,0.066666667,0.232207918,0.116329042,8.596231732
48,0.3605,18.17059517,90,2580,,,,,0,0.300947292,0.090284188,11.07601399
49,0.371,20.32375336,92,2790,,,,,0.066666667,0.351955307,0.152253259,6.567960776
50,0.4995,18.99123192,94,2688,,,,,0.133333333,0.327179985,0.191487329,5.222250387
51,0.389,16.35885239,92,2323,,,,,0.066666667,0.238523197,0.118223626,8.45847466
54,0.3945,15.02776146,90,2170,,,,,0,0.201360214,0.060408064,16.55380719
55,0.428,26.17263794,98,3595,,,,,0.266666667,0.547486034,0.350912477,2.849705316
57,0.371,18.30172539,92,2609,,,,,0.066666667,0.307991256,0.139064043,7.190879718
58,0.386,16.24107361,94,2372,,,,,0.133333333,0.250425067,0.168460853,5.936061963
61,0.412,18.38827133,102,2328,,,,,0.4,0.239737673,0.351921302,2.841536312
64,0.4815,14.01400566,92,2017,,,,,0.066666667,0.164197231,0.095925836,10.42461153
67,0.3645,19.92630959,90,2645,,,,,0,0.316735487,0.095020646,10.52391788
68,0.517,16.54553413,102,2231,,,,,0.4,0.216176828,0.344853048,2.899777471
69,0.5005,27.34041214,104,3608,,,,,0.466666667,0.550643673,0.491859768,2.033095673
70,0.36,21.98982239,94,2946,,,,,0.133333333,0.389846976,0.210287426,4.755373458
71,0.514,21.18206024,94,2722,,,,,0.133333333,0.335438426,0.193964861,5.155546415
73,0.3495,19.38152313,94,2588,,,,,0.133333333,0.302890454,0.18420047,5.428838338
75,0.405,16.36719704,92,2264,,,,,0.066666667,0.224192373,0.113924379,8.77767546
76,0.4275,14.37854767,96,2057,,,,,0.2,0.173913043,0.192173913,5.203592832
77,0.3725,16.79372787,92,2429,,,,,0.066666667,0.2642701,0.125947697,7.939740763
78,0.434,15.87843895,104,2260,,,,,0.466666667,0.223220792,0.393632904,2.540431577
79,0.3525,19.25849915,92,2760,,,,,0.066666667,0.344668448,0.150067201,6.663636887
82,0.4895,17.70877838,92,2563,,,,,0.066666667,0.296818071,0.135712088,7.368486077
84,0.33,17.24886894,90,2512,,,,,0,0.28443041,0.085329123,11.71919087
85,0.4345,16.62325859,92,2431,,,,,0.066666667,0.26475589,0.126093434,7.930564184
86,0.3915,16.18456841,90,2409,,,,,0,0.259412193,0.077823658,12.84939794
90,0.4385,17.74263382,90,2578,,,,,0,0.300461501,0.09013845,11.09392166
91,0.51,10.2212429,94,1498,,,,,0.133333333,0.038134564,0.104773703,9.54428861
92,0.349,21.1584568,100,3061,,,,,0.333333333,0.417779937,0.358667314,2.788091281
93,0.358,16.736269,90,2256,,,,,0,0.222249211,0.066674763,14.99795356
94,0.42,17.83585548,90,2187,,,,,0,0.205489434,0.06164683,16.22117107
95,0.372,17.57454872,90,2218,,,,,0,0.213019189,0.063905757,15.64779771
96,0.45,21.35658264,90,2507,,,,,0,0.283215934,0.08496478,11.7694441
99,0.408,17.33541489,92,2448,,,,,0.066666667,0.268885111,0.1273322,7.853411376
100,0.436,13.41509819,92,2012,,,,,0.066666667,0.162982754,0.095561493,10.46435655
101,0.387,15.19751549,92,2225,,,,,0.066666667,0.214719456,0.111082503,9.002236777
102,0.3895,15.50364494,92,2317,,,,,0.066666667,0.237065825,0.117786414,8.489871418
103,0.332,20.39241791,92,2782,,,,,0.066666667,0.350012145,0.15167031,6.593204736
104,0.3475,19.08111572,90,2743,,,,,0,0.340539228,0.102161768,9.788301716
106,0.392,16.48068428,90,2455,,,,,0,0.270585378,0.081175613,12.31881892
107,0.3575,17.7385807,90,2555,,,,,0,0.294874909,0.088462473,11.30410066
108,0.3975,26.00765228,100,3548,,,,,0.333333333,0.536069954,0.394154319,2.537070922
113,0.3705,18.6650753,92,2673,,,,,0.066666667,0.323536556,0.143727633,6.957555891
115,0.4095,17.96960831,90,2603,,,,,0,0.306533884,0.091960165,10.87415539
117,0.396,15.58852196,90,2267,,,,,0,0.224921059,0.067476318,14.81979477
120,0.528,16.35360718,90,2400,,,,,0,0.257226136,0.077167841,12.9585982
122,0.4465,15.67554474,90,2224,,,,,0,0.214476561,0.064342968,15.54147231
123,0.5375,14.68539238,94,2105,,,,,0.133333333,0.185572018,0.149004939,6.711141902
126,0.39,13.04221153,94,1879,,,,,0.133333333,0.130677678,0.132536637,7.545026642
127,0.3865,22.27759361,96,3251,,,,,0.2,0.463930046,0.279179014,3.581918298
129,0.419,18.0773735,94,2620,,,,,0.133333333,0.310663104,0.186532265,5.360974099
130,0.3865,15.93542099,92,2365,,,,,0.066666667,0.2487248,0.121284107,8.245035425
132,0.414,14.37854767,92,2109,,,,,0.066666667,0.1865436,0.102629747,9.743668767
135,0.3595,16.99519157,90,2474,,,,,0,0.275200389,0.082560117,12.11223929
137,0.3655,20.44820786,94,2981,,,,,0.133333333,0.398348312,0.212837827,4.698390865
138,0.457,27.06766129,98,3994,,,,,0.266666667,0.644401263,0.379987046,2.631661737
140,0.4105,18.79668236,96,2729,,,,,0.2,0.337138693,0.241141608,4.146923716
142,0.379,16.98184013,90,2512,,,,,0,0.28443041,0.085329123,11.71919087
143,0.578,16.96586609,90,2449,,,,,0,0.269128006,0.080738402,12.3855265
147,0.394,16.08395576,96,2370,,,,,0.2,0.249939276,0.214981783,4.651535285
148,0.3685,18.08476448,92,2612,,,,,0.066666667,0.308719942,0.139282649,7.179593627
149,0.388,18.54729652,96,2702,,,,,0.2,0.33058052,0.239174156,4.181036262
151,0.388,21.06356621,100,3108,,,,,0.333333333,0.429196017,0.362092138,2.761720381
153,0.4605,17.80867577,90,2558,,,,,0,0.295603595,0.088681078,11.27623549
154,0.388,19.90842819,96,2879,,,,,0.2,0.37357299,0.252071897,3.967106388
155,0.513,17.14277267,92,2484,,,,,0.066666667,0.277629342,0.129955469,7.694884343
156,0.381,15.47122002,100,2298,,,,,0.333333333,0.232450814,0.303068577,3.299572357
158,0.44,17.86446571,90,2574,,,,,0,0.29948992,0.089846976,11.12991127
159,0.456,20.99227905,102,3103,,,,,0.4,0.42798154,0.408394462,2.448607032
160,0.3695,19.5608139,96,2835,,,,,0.2,0.362885596,0.248865679,4.018215715
161,0.395,17.29846001,90,2546,,,,,0,0.292688851,0.087806655,11.38852867
162,0.3575,17.31014252,92,2501,,,,,0.066666667,0.281758562,0.131194235,7.622228032
164,0.476,21.70825005,96,3167,,,,,0.2,0.44352684,0.273058052,3.662211499
165,0.4505,14.09697533,90,2089,,,,,0,0.181685693,0.054505708,18.34636572
166,0.377,27.84562111,98,4124,,,,,0.266666667,0.675977654,0.389459963,2.567651435
168,0.4125,13.25654984,94,1981,,,,,0.133333333,0.155453,0.139969233,7.144376177
170,0.4885,20.5116272,96,2982,,,,,0.2,0.398591207,0.259577362,3.852401224
172,0.4365,21.64387703,100,3191,,,,,0.333333333,0.449356327,0.368140232,2.71634882
174,0.413,17.2252655,90,2517,,,,,0,0.285644887,0.085693466,11.66936496
176,0.4045,18.45288277,90,2652,,,,,0,0.318435754,0.095530726,10.46772668
181,0.4505,8.993625641,90,1341,,,,,0,0,0,1000000
184,0.4585,14.0004158,94,2089,,,,,0.133333333,0.181685693,0.147839041,6.764067371
187,0.4115,18.92614365,90,2757,,,,,0,0.343939762,0.103181929,9.691525659
188,0.3685,16.93558693,92,2492,,,,,0.066666667,0.279572504,0.130538418,7.660521364
190,0.3475,26.94272995,94,3528,,,,,0.133333333,0.531212048,0.252696948,3.957293715
191,0.388,18.57566833,90,2534,,,,,0,0.289774107,0.086932232,11.50308087
192,0.3675,21.38280869,92,3092,,,,,0.066666667,0.425309692,0.174259574,5.738532683
193,0.3855,15.50292969,90,2259,,,,,0,0.222977897,0.066893369,14.94894138
195,0.348,25.95615387,100,3795,,,,,0.333333333,0.596065096,0.412152862,2.426278368
196,0.377,17.93861389,92,2633,,,,,0.066666667,0.313820743,0.14081289,7.101572171
197,0.3575,18.6817646,90,2743,,,,,0,0.340539228,0.102161768,9.788301716
198,0.424,18.08834076,90,2611,,,,,0,0.308477046,0.092543114,10.80565751
199,0.385,18.78285408,96,2683,,,,,0.2,0.325965509,0.237789653,4.205379769
203,0.3885,17.35091209,92,2510,,,,,0.066666667,0.28394462,0.131850053,7.584315636
205,0.3275,16.37887955,90,2346,,,,,0,0.244109789,0.073232937,13.65487159
208,0.3325,24.05691147,100,3483,,,,,0.333333333,0.520281759,0.389417861,2.567929036
212,0.361,26.91221237,102,3901,,,,,0.4,0.621811999,0.4665436,2.143417801
215,0.398,15.67769051,94,2300,,,,,0.133333333,0.232936604,0.163214315,6.126876037
219,0.4295,13.64660263,110,1988,,,,,0.666666667,0.157153267,0.513812647,1.946230908
223,0.372,17.33183861,90,2527,,,,,0,0.28807384,0.086422152,11.57097347
224,0.367,18.74756813,92,2688,,,,,0.066666667,0.327179985,0.144820662,6.905044343
226,0.4775,19.37699318,96,2808,,,,,0.2,0.356327423,0.246898227,4.050235445
227,0.3985,20.15042305,96,2913,,,,,0.2,0.381831431,0.254549429,3.928494653
229,0.391,17.65823364,96,2606,,,,,0.2,0.30726257,0.232178771,4.307007436
230,0.3775,18.08929443,96,2571,,,,,0.2,0.298761234,0.22962837,4.35484363
231,0.3505,17.00353622,90,2481,,,,,0,0.276900656,0.083070197,12.03786678
232,0.449,17.41504669,94,2525,,,,,0.133333333,0.28758805,0.179609748,5.567595537
234,0.3545,15.74921608,90,2238,,,,,0,0.217877095,0.065363128,15.29891124
235,0.4045,18.59235764,92,2676,,,,,0.066666667,0.324265242,0.143946239,6.946989784
236,0.452,18.93091202,98,2695,,,,,0.266666667,0.328880253,0.285330742,3.504692438
238,0.5185,15.31243324,90,2225,,,,,0,0.214719456,0.064415837,15.52389174
239,0.383,22.83716202,94,3328,,,,,0.133333333,0.482632985,0.238123229,4.199488665
241,0.4245,21.18968964,96,3056,,,,,0.2,0.41656546,0.264969638,3.774003064
244,0.345,18.63980293,90,2633,,,,,0,0.313820743,0.094146223,10.6216622
245,0.3785,17.31085777,90,2484,,,,,0,0.277629342,0.083288803,12.00627171
246,0.4125,19.09279823,94,2468,,,,,0.133333333,0.273743017,0.175456238,5.69939439
249,0.3775,17.17352867,90,2532,,,,,0,0.289288317,0.086786495,11.52239732
250,0.378,15.71273804,90,2281,,,,,0,0.228321593,0.068496478,14.59907764
252,0.379,21.14582062,98,2997,,,,,0.266666667,0.402234637,0.307337058,3.253746078
254,0.3895,12.43519783,90,1804,,,,,0,0.11246053,0.033738159,29.63915029
256,0.394,19.66023445,94,2822,,,,,0.133333333,0.359727957,0.201251721,4.96887693
258,0.367,15.96355438,94,2343,,,,,0.133333333,0.243381103,0.166347664,6.011469975
259,0.4535,17.4472332,90,2509,,,,,0,0.283701725,0.085110517,11.74929118
260,0.604,13.00740242,92,1900,,,,,0.066666667,0.135778479,0.087400211,11.44148913
262,0.4425,15.31362534,108,2264,,,,,0.6,0.224192373,0.487257712,2.052297836
264,0.4035,18.69940758,90,2669,,,,,0,0.322564974,0.096769492,10.33372855
265,0.382,14.97650146,96,2170,,,,,0.2,0.201360214,0.200408064,4.989794271
269,0.3845,16.77036285,92,2456,,,,,0.066666667,0.270828273,0.127915149,7.81762124
270,0.4295,18.87178421,90,2686,,,,,0,0.326694195,0.098008258,10.2031177
271,0.358,19.06061172,90,2714,,,,,0,0.333495264,0.100048579,9.995044551
272,0.404,17.51899719,90,2546,,,,,0,0.292688851,0.087806655,11.38852867
274,0.3755,14.73140717,90,2143,,,,,0,0.19480204,0.058440612,17.1110954
276,0.5435,15.74063301,92,2310,,,,,0.066666667,0.235365557,0.117276334,8.526796839
277,0.4145,16.36219025,90,2365,,,,,0,0.2487248,0.07461744,13.40151311
279,0.3565,17.19808578,90,2491,,,,,0,0.279329609,0.083798883,11.93319093
281,0.389,17.68517494,90,2572,,,,,0,0.299004129,0.089701239,11.14799378
283,0.441,20.54738998,92,2433,,,,,0.066666667,0.265241681,0.126239171,7.921408794
288,0.408,20.82180977,94,2977,,,,,0.133333333,0.397376731,0.212546353,4.704833949
289,0.3775,17.63415337,90,2549,,,,,0,0.293417537,0.088025261,11.36024622
291,0.3705,27.34661102,98,3966,,,,,0.266666667,0.637600194,0.377946725,2.645868553
292,0.4735,15.45166969,94,2221,,,,,0.133333333,0.213747875,0.157457696,6.350871861
293,0.407,22.85790443,96,3284,,,,,0.2,0.471945591,0.281583677,3.5513296
295,0.3515,16.50452614,90,2407,,,,,0,0.258926403,0.077677921,12.87350532
297,0.384,16.06631279,92,2361,,,,,0.066666667,0.247753218,0.120992632,8.264897764
298,0.359,20.93648911,94,3000,,,,,0.133333333,0.402963323,0.21422233,4.66802565
299,0.4305,17.69399643,90,2533,,,,,0,0.289531212,0.086859364,11.51273099
300,0.4,13.67878914,96,1999,,,,,0.2,0.159825115,0.187947535,5.320605463
303,0.386,18.95499229,94,2713,,,,,0.133333333,0.333252368,0.193309044,5.173036953
304,0.457,20.41983604,96,2952,,,,,0.2,0.391304348,0.257391304,3.885120041
305,0.395,16.72935486,90,2457,,,,,0,0.271071168,0.08132135,12.29674246
307,0.4255,16.82949066,90,2459,,,,,0,0.271556959,0.081467088,12.27474498
309,0.4265,12.04538345,94,1767,,,,,0.133333333,0.103473403,0.124375354,8.040113463
311,0.4335,14.05072212,94,2059,,,,,0.133333333,0.174398834,0.145652984,6.865586341
312,0.437,20.5321312,92,2922,,,,,0.066666667,0.384017488,0.161871913,6.177685817
319,0.4185,17.8964138,90,2592,,,,,0,0.303862035,0.091158611,10.96977042
321,0.3355,18.7330246,90,2688,,,,,0,0.327179985,0.098153996,10.18796846
323,0.402,17.1186924,90,2479,,,,,0,0.276414865,0.08292446,12.05902271
325,0.3685,18.07975769,90,2610,,,,,0,0.308234151,0.092470245,10.81417252
329,0.409,18.75305176,94,2684,,,,,0.133333333,0.326208404,0.191195855,5.230211565
332,0.377,19.45519447,96,2781,,,,,0.2,0.349769249,0.244930775,4.082769582
333,0.3565,19.84119415,90,2847,,,,,0,0.36580034,0.109740102,9.112356097
334,0.404,17.08030701,92,2523,,,,,0.066666667,0.287102259,0.132797344,7.530214363
336,0.3705,15.87510109,90,2299,,,,,0,0.232693709,0.069808113,14.3247774
337,0.4765,16.68643951,90,2406,,,,,0,0.258683507,0.077605052,12.88559296
340,0.3845,16.37411118,90,2382,,,,,0,0.25285402,0.075856206,13.18266323
342,0.372,18.35346222,94,2588,,,,,0.133333333,0.302890454,0.18420047,5.428838338
346,0.3825,17.4164772,92,2555,,,,,0.066666667,0.294874909,0.135129139,7.40027358
347,0.4135,20.55621147,98,2957,,,,,0.266666667,0.392518824,0.304422314,3.284899527
348,0.5195,15.35487175,92,2179,,,,,0.066666667,0.203546272,0.107730548,9.282332031
349,0.413,13.03100586,92,1893,,,,,0.066666667,0.134078212,0.08689013,11.50865452
350,0.3765,15.20085335,90,2168,,,,,0,0.200874423,0.060262327,16.59383992
351,0.4485,18.0644989,92,2536,,,,,0.066666667,0.290259898,0.133744636,7.476879466
352,0.423,17.17209816,90,2398,,,,,0,0.256740345,0.077022103,12.98311747
354,0.3635,18.17083359,90,2564,,,,,0,0.297060967,0.08911829,11.22091525
357,0.3805,15.68484306,98,2239,,,,,0.266666667,0.21811999,0.252102664,3.966622242
359,0.4155,27.93192863,102,4006,,,,,0.4,0.647316007,0.474194802,2.108833515
362,0.3925,17.90499687,92,2627,,,,,0.066666667,0.312363371,0.140375678,7.123690442
363,0.4285,15.29145241,90,2236,,,,,0,0.217391304,0.065217391,15.33309823
364,0.4465,14.62554932,90,2019,,,,,0,0.164683022,0.049404906,20.24049494
368,0.557,15.93399048,90,2145,,,,,0,0.195287831,0.058586349,17.06853121
371,0.522,18.11695099,92,2527,,,,,0.066666667,0.28807384,0.133088819,7.51372276
372,0.3585,17.65656471,90,2526,,,,,0,0.287830945,0.086349283,11.5807379
375,0.3775,17.33613014,92,2260,,,,,0.066666667,0.223220792,0.113632904,8.800190461
376,0.3765,19.33407784,90,2734,,,,,0,0.33835317,0.101505951,9.851542094
378,0.3725,17.78554916,94,2579,,,,,0.133333333,0.300704396,0.183544652,5.448235835
379,0.3695,18.66841316,94,2661,,,,,0.133333333,0.320621812,0.189519877,5.276463555
380,0.456,18.18323135,102,2621,,,,,0.4,0.310906,0.3732718,2.679005811
382,0.3395,26.82042122,94,3480,,,,,0.133333333,0.519553073,0.249199255,4.012836983
384,0.492,16.01982117,92,2271,,,,,0.066666667,0.22589264,0.114434459,8.738550192
385,0.372,21.9681263,96,3000,,,,,0.2,0.402963323,0.260888997,3.833033125
387,0.371,17.64440536,90,2458,,,,,0,0.271314064,0.081394219,12.28573387
390,0.435,19.26517487,92,2646,,,,,0.066666667,0.316978382,0.141760181,7.054117287
392,0.428,19.86455917,92,2797,,,,,0.066666667,0.353655574,0.152763339,6.546030353
393,0.4595,15.07973671,100,2204,,,,,0.333333333,0.209618654,0.29621893,3.375870088
394,0.4275,16.02077484,90,2338,,,,,0,0.242166626,0.072649988,13.76443775
395,0.361,19.54317093,94,2825,,,,,0.133333333,0.360456643,0.201470326,4.963485467
397,0.3735,16.55101776,90,2376,,,,,0,0.251396648,0.075418994,13.25908345
398,0.3575,19.71125603,94,2860,,,,,0.133333333,0.368957979,0.204020727,4.901438755
399,0.4215,19.500494,92,2813,,,,,0.066666667,0.357541899,0.153929236,6.496449448
400,0.3645,22.15981483,94,3176,,,,,0.133333333,0.445712898,0.227047203,4.404351095
403,0.3815,14.3404007,90,2081,,,,,0,0.179742531,0.053922759,18.54470113
404,0.4195,16.94011688,92,2464,,,,,0.066666667,0.272771436,0.128498097,7.782155835
406,0.368,17.39358902,90,2515,,,,,0,0.285159096,0.085547729,11.68924439
408,0.4795,11.87849045,96,1747,,,,,0.2,0.098615497,0.169584649,5.896725376
409,0.446,18.89634132,92,2717,,,,,0.066666667,0.334223949,0.146933852,6.805737303
410,0.4125,17.71998405,90,2595,,,,,0,0.304590721,0.091377216,10.94352723
411,0.485,16.75844193,90,2403,,,,,0,0.257954821,0.077386446,12.92199247
412,0.483,17.31753349,92,2531,,,,,0.066666667,0.289045421,0.133380293,7.497303234
414,0.4285,14.83678818,90,2027,,,,,0,0.166626184,0.049987855,20.0044589
416,0.4485,16.81089401,90,2372,,,,,0,0.250425067,0.07512752,13.31052441
419,0.53,17.44651794,96,2488,,,,,0.2,0.278600923,0.223580277,4.47264643
420,0.417,18.30911636,92,2510,,,,,0.066666667,0.28394462,0.131850053,7.584315636
422,0.36,18.61691475,92,2630,,,,,0.066666667,0.313092057,0.140594284,7.112614111
425,0.355,19.58703995,94,2792,,,,,0.133333333,0.352441098,0.199065663,5.023442833
430,0.4235,16.79158211,92,2403,,,,,0.066666667,0.257954821,0.124053113,8.060998341
437,0.3995,18.82505417,92,2694,,,,,0.066666667,0.328637357,0.145257874,6.884260999
440,0.4145,13.54670525,90,1961,,,,,0,0.150595094,0.045178528,22.13391868
443,0.402,17.33708382,92,2516,,,,,0.066666667,0.285401992,0.132287264,7.559249538
446,0.3835,13.69261742,96,1991,,,,,0.2,0.157881953,0.187364586,5.337159412
447,0.4165,11.85083389,92,1743,,,,,0.066666667,0.097643915,0.075959841,13.16467778
448,0.399,18.31030846,90,2590,,,,,0,0.303376245,0.091012873,10.98733591
450,0.3945,16.15285873,90,2262,,,,,0,0.223706582,0.067111975,14.90024848
451,0.3885,17.79985428,96,2526,,,,,0.2,0.287830945,0.226349283,4.417931291
452,0.3815,19.84453201,94,2806,,,,,0.133333333,0.355841632,0.200085823,4.997830367
454,0.3985,19.13380623,94,2654,,,,,0.133333333,0.318921545,0.189009797,5.290703055
455,0.453,16.44515991,90,2285,,,,,0,0.229293175,0.068787952,14.53721804
456,0.4095,18.22471619,92,2556,,,,,0.066666667,0.295117804,0.135202008,7.396285151
457,0.417,17.54999161,92,2500,,,,,0.066666667,0.281515667,0.131121367,7.62646393
458,0.4065,15.97809792,90,2294,,,,,0,0.231479232,0.06944377,14.39993255
461,0.4045,19.77682114,94,2832,,,,,0.133333333,0.36215691,0.201980406,4.950950771
462,0.4405,15.58732986,90,2244,,,,,0,0.219334467,0.06580034,15.19725889
463,0.5945,17.16995239,92,2492,,,,,0.066666667,0.279572504,0.130538418,7.660521364
469,0.4185,20.16091347,92,2890,,,,,0.066666667,0.376244838,0.159540118,6.267976627
474,0.372,15.0551796,92,2178,,,,,0.066666667,0.203303376,0.10765768,9.288614762
475,0.527,18.36013794,100,2685,,,,,0.333333333,0.326451299,0.331268723,3.018688187
476,0.3955,22.19152451,96,3188,,,,,0.2,0.448627641,0.274588292,3.641802603
477,0.439,15.58470726,92,2272,,,,,0.066666667,0.226135536,0.114507327,8.732989322
478,0.401,25.4137516,100,3700,,,,,0.333333333,0.572990041,0.405230346,2.467726178
479,0.381,21.21949196,92,3052,,,,,0.066666667,0.415593879,0.17134483,5.836150187
480,0.338,16.5810585,96,2402,,,,,0.2,0.257711926,0.217313578,4.601624106
482,0.395,19.03367043,96,2734,,,,,0.2,0.33835317,0.241505951,4.140667571
483,0.37,16.06559753,96,2348,,,,,0.2,0.244595579,0.213378674,4.686481998
484,0.4,17.49253273,92,2555,,,,,0.066666667,0.294874909,0.135129139,7.40027358
485,0.421,20.4668045,96,2920,,,,,0.2,0.383531698,0.255059509,3.920638293
486,0.428,18.45026016,92,2670,,,,,0.066666667,0.32280787,0.143509028,6.968154189
488,0.554,17.75455475,90,2592,,,,,0,0.303862035,0.091158611,10.96977042
489,0.3585,21.82793617,94,3173,,,,,0.133333333,0.444984212,0.226828597,4.408595764
491,0.348,16.97468758,92,2439,,,,,0.066666667,0.266699053,0.126676382,7.894069016
494,0.3885,16.22128487,90,2325,,,,,0,0.239008987,0.071702696,13.94628246
497,0.393,17.84062386,94,2542,,,,,0.133333333,0.29171727,0.180848514,5.529459141
499,0.419,22.08757401,98,3106,,,,,0.266666667,0.428710226,0.315279734,3.171776423
500,0.369,19.09518242,98,2807,,,,,0.266666667,0.356084528,0.293492025,3.407235999
501,0.4175,22.42183685,108,3377,,,,,0.6,0.494534855,0.568360457,1.759443728
502,0.525,17.82298088,90,2634,,,,,0,0.314063639,0.094219092,10.61344755
503,0.339,25.68840981,94,3821,,,,,0.133333333,0.602380374,0.274047446,3.648989864
504,0.439,17.33136177,90,2561,,,,,0,0.296332281,0.088899684,11.24850735
505,0.361,19.93346214,92,2920,,,,,0.066666667,0.383531698,0.161726176,6.183252714
507,0.407,16.0381794,90,2273,,,,,0,0.226378431,0.067913529,14.72438977
508,0.352,21.87204361,92,3033,,,,,0.066666667,0.410978868,0.169960327,5.883691408
509,0.3675,13.879776,100,1977,,,,,0.333333333,0.154481419,0.279677759,3.575530741
510,0.3845,18.50676537,96,2607,,,,,0.2,0.307505465,0.23225164,4.305656125
511,0.415,26.99565887,98,3838,,,,,0.266666667,0.606509594,0.368619545,2.71281678
513,0.389,16.11304283,94,2311,,,,,0.133333333,0.235608453,0.164015869,6.096933841
517,0.3445,19.74344254,92,2770,,,,,0.066666667,0.347097401,0.150795887,6.63143663
519,0.403,11.64031029,90,1752,,,,,0,0.099829973,0.029948992,33.38899057
521,0.3945,18.6316967,94,2743,,,,,0.133333333,0.340539228,0.195495102,5.115191514
523,0.3625,19.84381676,94,2919,,,,,0.133333333,0.383288803,0.208319974,4.800284774
524,0.363,19.48475838,92,2874,,,,,0.066666667,0.372358513,0.158374221,6.314119062
526,0.4305,13.98873329,90,2086,,,,,0,0.180957008,0.054287102,18.42024234
528,0.4375,15.66982269,92,2343,,,,,0.066666667,0.243381103,0.119680997,8.355475518
530,0.3675,17.72928238,90,2611,,,,,0,0.308477046,0.092543114,10.80565751
532,0.417,21.19708061,92,2914,,,,,0.066666667,0.382074326,0.161288964,6.200013766
533,0.3775,12.66407967,90,1929,,,,,0,0.142822444,0.042846733,23.33845757
534,0.46,15.27070999,90,2095,,,,,0,0.183143065,0.05494292,18.20037608
535,0.4535,18.34774017,96,2648,,,,,0.2,0.317464173,0.235239252,4.250973173
536,0.4925,15.35725594,90,2182,,,,,0,0.204274957,0.061282487,16.31760928
538,0.3825,17.92287827,90,2505,,,,,0,0.282730143,0.084819043,11.78966627
540,0.491,17.19760895,90,2421,,,,,0,0.262326937,0.078698081,12.70662866
544,0.521,18.75805855,100,2784,,,,,0.333333333,0.350497935,0.338482714,2.95435189
545,0.371,21.5306282,96,3156,,,,,0.2,0.440854991,0.272256497,3.672993432
546,0.588,11.02566719,90,1658,,,,,0,0.076997814,0.023099344,43.28939829
549,0.394,13.28110695,90,1963,,,,,0,0.151080884,0.045324265,22.06275009
551,0.3795,15.12479782,90,2193,,,,,0,0.206946806,0.062084042,16.10693931
552,0.3555,20.99919319,98,3106,,,,,0.266666667,0.428710226,0.315279734,3.171776423
553,0.466,14.75548744,90,2157,,,,,0,0.198202575,0.059460772,16.81752762
554,0.4375,13.57221603,98,2027,,,,,0.266666667,0.166626184,0.236654522,4.225551096
555,0.4375,14.5611763,90,2161,,,,,0,0.199174156,0.059752247,16.73549228
557,0.3725,19.95491982,96,2934,,,,,0.2,0.386932232,0.25607967,3.905019466
558,0.4525,11.55567169,94,1718,,,,,0.133333333,0.091571533,0.120804793,8.277748724
561,0.4375,18.5008049,92,2667,,,,,0.066666667,0.322079184,0.143290422,6.978784824
562,0.341,16.63208008,90,2457,,,,,0,0.271071168,0.08132135,12.29674246
563,0.6465,14.07885551,90,2100,,,,,0,0.184357542,0.055307263,18.08048117
564,0.4075,18.30554008,90,2671,,,,,0,0.323050765,0.09691523,10.31818927
565,0.364,19.91987228,92,2669,,,,,0.066666667,0.322564974,0.143436159,6.971694133
566,0.375,16.83402061,92,2405,,,,,0.066666667,0.258440612,0.12419885,8.051539496
567,0.39,21.2123394,92,2972,,,,,0.066666667,0.396162254,0.165515343,6.041699463
568,0.5555,10.54406166,96,1510,,,,,0.2,0.041049308,0.152314792,6.56530741
569,0.38,15.22135735,90,2179,,,,,0,0.203546272,0.061063881,16.37602458
573,0.469,14.01114464,98,2024,,,,,0.266666667,0.165897498,0.236435916,4.229457973
574,0.3635,20.94173431,90,2938,,,,,0,0.387903813,0.116371144,8.593121733
575,0.4385,23.14281464,114,3370,,,,,0.8,0.492834588,0.707850376,1.412725938
576,0.375,19.1617012,92,2806,,,,,0.066666667,0.355841632,0.153419156,6.51804837
577,0.436,13.63968849,92,2024,,,,,0.066666667,0.165897498,0.096435916,10.36947302
579,0.451,16.47281647,94,2417,,,,,0.133333333,0.261355356,0.17173994,5.822723455
584,0.359,18.17107201,90,2661,,,,,0,0.320621812,0.096186544,10.39635656
585,0.438,19.89126205,92,2911,,,,,0.066666667,0.38134564,0.161070359,6.208428415
586,0.36,18.82553101,92,2735,,,,,0.066666667,0.338596065,0.148245486,6.745522445
588,0.387,13.692379,92,2009,,,,,0.066666667,0.162254068,0.095342887,10.48834938
591,0.4185,22.48382568,96,3299,,,,,0.2,0.475589021,0.282676706,3.537597687
594,0.4505,15.1143074,90,2243,,,,,0,0.219091572,0.065727471,15.21410703
596,0.3555,12.7055645,92,1902,,,,,0.066666667,0.13626427,0.087545948,11.42244277
598,0.4115,16.22796059,94,2430,,,,,0.133333333,0.264512995,0.172687232,5.790782554
599,0.418,17.63820648,92,2625,,,,,0.066666667,0.311877581,0.140229941,7.131093849
601,0.3865,17.36783981,92,2593,,,,,0.066666667,0.304104931,0.137898146,7.251676531
602,0.428,16.69621468,90,2501,,,,,0,0.281758562,0.084527569,11.83031981
603,0.424,18.32890511,90,2678,,,,,0,0.324751032,0.09742531,10.26416789
605,0.3645,16.04866982,90,2382,,,,,0,0.25285402,0.075856206,13.18266323
606,0.382,18.69106293,94,2745,,,,,0.133333333,0.341025018,0.195640839,5.111381114
609,0.3885,16.71671867,90,2483,,,,,0,0.277386446,0.083215934,12.01678496
611,0.447,19.44637299,98,2849,,,,,0.266666667,0.366286131,0.296552506,3.372072763
612,0.376,20.14827728,92,2955,,,,,0.066666667,0.392033034,0.164276577,6.087258039
614,0.4615,15.147686,92,2240,,,,,0.066666667,0.218362886,0.112175532,8.914520525
618,0.3935,17.49205589,90,2559,,,,,0,0.29584649,0.088753947,11.2669776
622,0.385,19.94490623,96,2910,,,,,0.2,0.381102745,0.254330823,3.931871311
623,0.401,15.41543007,90,2317,,,,,0,0.237065825,0.071119747,14.06059465
626,0.4235,21.09527588,96,3087,,,,,0.2,0.424095215,0.267228564,3.742100923
627,0.424,18.07260513,90,2599,,,,,0,0.305562303,0.091668691,10.90873102
630,0.4445,20.64037323,90,2783,,,,,0,0.35025504,0.105076512,9.516784141
631,0.397,20.45297623,94,3064,,,,,0.133333333,0.418508623,0.21888592,4.568569009
632,0.421,18.28384399,90,2657,,,,,0,0.319650231,0.095895069,10.4279561
635,0.3385,19.68550682,90,2794,,,,,0,0.352926889,0.105878067,9.444737591
636,0.36,17.44890213,90,2531,,,,,0,0.289045421,0.086713626,11.53207989
638,0.4745,12.33148575,94,1809,,,,,0.133333333,0.113675006,0.127435835,7.847024754
642,0.3545,19.16074753,92,2912,,,,,0.066666667,0.381588535,0.161143227,6.205620995
643,0.393,13.79680634,90,2093,,,,,0,0.182657275,0.054797182,18.24878045
644,0.4905,16.93987846,92,2428,,,,,0.066666667,0.264027204,0.125874828,7.944337021
647,0.3775,22.7124691,92,3391,,,,,0.066666667,0.49793539,0.196047284,5.100784264
649,0.571,16.68715477,96,2524,,,,,0.2,0.287345154,0.226203546,4.420777639
650,0.464,16.18623734,90,2414,,,,,0,0.26062667,0.078188001,12.78952266
654,0.3515,17.3933506,90,2580,,,,,0,0.300947292,0.090284188,11.07601399
655,0.3665,18.38183403,92,2684,,,,,0.066666667,0.326208404,0.144529188,6.918969763
657,0.3675,16.22486115,90,2394,,,,,0,0.255768764,0.076730629,13.03243541
659,0.4795,17.58980751,100,2585,,,,,0.333333333,0.302161768,0.323981864,3.086583001
662,0.3445,19.60277557,92,2836,,,,,0.066666667,0.363128492,0.155605214,6.426478566
663,0.3935,18.7702179,96,2767,,,,,0.2,0.346368715,0.243910615,4.099845766
664,0.426,19.91343498,100,2921,,,,,0.333333333,0.383774593,0.348465711,2.869714574
666,0.528,18.37682724,100,2772,,,,,0.333333333,0.347583192,0.337608291,2.962003793
668,0.3585,16.20769501,94,2408,,,,,0.133333333,0.259169298,0.171084123,5.84504359
670,0.3995,13.88812065,94,2071,,,,,0.133333333,0.177313578,0.146527407,6.824615258
671,0.406,16.03031158,92,2390,,,,,0.066666667,0.254797182,0.123105821,8.123026723
674,0.4155,14.61100578,90,2148,,,,,0,0.196016517,0.058804955,17.0050805
677,0.3895,16.23082161,90,2363,,,,,0,0.248239009,0.074471703,13.42773881
678,0.3895,17.99082756,94,2633,,,,,0.133333333,0.313820743,0.187479556,5.333886456
680,0.4205,18.14031601,96,2628,,,,,0.2,0.312606267,0.23378188,4.277473183
682,0.3885,14.48988914,92,2152,,,,,0.066666667,0.196988098,0.105763096,9.455004456
683,0.3895,17.02904701,94,2502,,,,,0.133333333,0.282001457,0.177933771,5.620037033
684,0.531,19.13022995,94,2810,,,,,0.133333333,0.356813214,0.200377297,4.99056042
685,0.479,15.94018936,92,2380,,,,,0.066666667,0.252368229,0.122377135,8.171394312
688,0.3975,18.71299744,92,2772,,,,,0.066666667,0.347583192,0.150941624,6.625033887
689,0.359,13.98730278,90,2052,,,,,0,0.172698567,0.05180957,19.30108081
690,0.392,15.22731781,106,2228,,,,,0.533333333,0.215448142,0.437967776,2.283267792
691,0.3895,17.35973358,92,2608,,,,,0.066666667,0.30774836,0.138991175,7.194649637
693,0.361,20.67160606,96,2986,,,,,0.2,0.399562788,0.259868837,3.848080306
694,0.396,15.88726044,92,2360,,,,,0.066666667,0.247510323,0.120919764,8.26987831
697,0.3645,17.05861092,90,2526,,,,,0,0.287830945,0.086349283,11.5807379
698,0.3765,15.41686058,92,2275,,,,,0.066666667,0.226864222,0.114725933,8.716349098
699,0.441,17.37070084,98,2506,,,,,0.266666667,0.282973039,0.271558578,3.682433175
700,0.388,14.36853409,92,2137,,,,,0.066666667,0.193344668,0.104670067,9.553738456
701,0.358,15.99359512,90,2380,,,,,0,0.252368229,0.075710469,13.20803857
703,0.3355,19.01054382,92,2778,,,,,0.066666667,0.349040564,0.151378836,6.605899625
705,0.365,16.46566391,96,2429,,,,,0.2,0.2642701,0.21928103,4.560337209
708,0.361,28.0725956,104,4182,,,,,0.466666667,0.690065582,0.533686341,1.873756267
709,0.343,14.78648186,92,2197,,,,,0.066666667,0.207918387,0.109042183,9.170678754
711,0.4005,16.96896553,90,2544,,,,,0,0.29220306,0.087660918,11.407462
712,0.4045,21.24977112,98,3100,,,,,0.266666667,0.427252854,0.314842523,3.176180951
713,0.428,18.44930649,94,2724,,,,,0.133333333,0.335924217,0.194110598,5.151675678
714,0.3895,15.52176476,90,2293,,,,,0,0.231236337,0.069370901,14.41505831
716,0.3965,18.87440681,94,2746,,,,,0.133333333,0.341267914,0.195713707,5.109478042
717,0.55,12.94994354,100,1890,,,,,0.333333333,0.133349526,0.273338191,3.65845818
719,0.408,24.45697784,100,3627,,,,,0.333333333,0.555258684,0.399910938,2.500550506
720,0.48,13.32235336,102,2007,,,,,0.4,0.161768278,0.328530483,3.043848309
726,0.4425,16.55244827,90,2465,,,,,0,0.273014331,0.081904299,12.20922223
728,0.4375,21.7666626,94,3201,,,,,0.133333333,0.451785281,0.228868917,4.369294187
729,0.369,26.40628815,96,3914,,,,,0.2,0.624969638,0.327490891,3.053510716
731,0.381,17.79103279,90,2655,,,,,0,0.31916444,0.095749332,10.44382801
732,0.409,16.83211327,90,2513,,,,,0,0.284673306,0.085401992,11.70919168
733,0.467,14.42480087,94,2128,,,,,0.133333333,0.191158611,0.150680917,6.636496423
734,0.4445,10.51664352,92,1567,,,,,0.066666667,0.054894341,0.063134969,15.83883195
738,0.376,14.1119957,90,2074,,,,,0,0.178042264,0.053412679,18.72179592
740,0.398,16.57271385,90,2424,,,,,0,0.263055623,0.078916687,12.67143069
743,0.725,13.60988617,116,2058,,,,,0.866666667,0.174155939,0.658913448,1.517647705
744,0.4145,16.289711,90,2418,,,,,0,0.261598251,0.078479475,12.74202272
746,0.3525,17.52495766,92,2604,,,,,0.066666667,0.306776779,0.1386997,7.209768926
748,0.451,16.57867432,96,2456,,,,,0.2,0.270828273,0.221248482,4.519784595
749,0.4315,18.01156998,100,2699,,,,,0.333333333,0.329851834,0.332288883,3.009420538
750,0.362,16.4744854,90,2445,,,,,0,0.268156425,0.080446927,12.43040104
751,0.3765,18.13101768,90,2637,,,,,0,0.314792325,0.094437697,10.58887964
753,0.346,17.02022552,90,2388,,,,,0,0.254311392,0.076293418,13.10711887
756,0.4095,15.98525047,90,2394,,,,,0,0.255768764,0.076730629,13.03243541
758,0.3975,16.29662514,94,2408,,,,,0.133333333,0.259169298,0.171084123,5.84504359
759,0.4025,18.90277863,92,2769,,,,,0.066666667,0.346854506,0.150723018,6.634642645
761,0.519,12.16769218,90,1818,,,,,0,0.115861064,0.034758319,28.76926315
764,0.3305,13.61918449,90,2020,,,,,0,0.164925917,0.049477775,20.21068627
765,0.367,16.9301033,90,2526,,,,,0,0.287830945,0.086349283,11.5807379
767,0.3985,16.17097855,92,2414,,,,,0.066666667,0.26062667,0.124854668,8.009247949
768,0.3465,18.06998253,96,2652,,,,,0.2,0.318435754,0.235530726,4.245712524
769,0.404,14.03975487,92,2086,,,,,0.066666667,0.180957008,0.100953769,9.90542607
770,0.401,13.13066483,94,1975,,,,,0.133333333,0.153995628,0.139532022,7.166762303
771,0.4045,21.11983299,98,3125,,,,,0.266666667,0.433325237,0.316664238,3.157908987
772,0.466,14.77575302,92,2259,,,,,0.066666667,0.222977897,0.113560036,8.805837271
774,0.3825,14.14847374,94,2106,,,,,0.133333333,0.185814914,0.149077807,6.707861547
775,0.3805,18.52226257,90,2703,,,,,0,0.330823415,0.099247025,10.0757673
777,0.363,22.94683456,96,3320,,,,,0.2,0.480689823,0.284206947,3.518550453
779,0.363,22.14765549,96,3186,,,,,0.2,0.448141851,0.274442555,3.643736502
780,0.376,18.3494091,90,2618,,,,,0,0.310177314,0.093053194,10.74642589
781,0.395,15.08402824,90,2183,,,,,0,0.204517853,0.061355356,16.29823001
782,0.372,18.32914352,90,2640,,,,,0,0.31552101,0.094656303,10.56442521
783,0.3945,18.43714714,92,2643,,,,,0.066666667,0.316249696,0.141541576,7.065012035
784,0.539,17.72689819,92,2457,,,,,0.066666667,0.271071168,0.127988017,7.813170397
785,0.404,16.89624786,98,2607,,,,,0.266666667,0.307505465,0.278918306,3.58526634
786,0.4195,15.64836502,96,2375,,,,,0.2,0.251153753,0.215346126,4.643665413
788,0.3295,17.39621162,90,2590,,,,,0,0.303376245,0.091012873,10.98733591
789,0.3925,17.25912094,94,2571,,,,,0.133333333,0.298761234,0.182961704,5.465594795
790,0.394,16.90149307,90,2560,,,,,0,0.296089385,0.088826816,11.2577349
791,0.3715,16.07203484,92,2418,,,,,0.066666667,0.261598251,0.125146142,7.990593983
793,0.3735,14.62078094,100,2176,,,,,0.333333333,0.202817586,0.294178609,3.399283871
794,0.4605,17.10677147,96,2550,,,,,0.2,0.293660432,0.22809813,4.384058814
796,0.3815,16.4296627,90,2459,,,,,0,0.271556959,0.081467088,12.27474498
797,0.3695,19.323349,94,2832,,,,,0.133333333,0.36215691,0.201980406,4.950950771
798,0.3265,19.3271637,90,2822,,,,,0,0.359727957,0.107918387,9.266175672
801,0.37,17.97938347,90,2631,,,,,0,0.313334953,0.094000486,10.63812972
802,0.375,27.46152878,96,4015,,,,,0.2,0.649502065,0.334850619,2.986397384
803,0.4015,15.9842968,92,2383,,,,,0.066666667,0.253096915,0.122595741,8.156823664
804,0.5655,16.38555527,98,2447,,,,,0.266666667,0.268642215,0.267259331,3.741670136
806,0.405,18.29457283,92,2646,,,,,0.066666667,0.316978382,0.141760181,7.054117287
808,0.398,18.56398582,90,2733,,,,,0,0.338110274,0.101433082,9.858619282
809,0.475,11.74426079,92,1748,,,,,0.066666667,0.098858392,0.076324184,13.10183538
811,0.401,13.71645927,100,2050,,,,,0.333333333,0.172212776,0.284997166,3.508794506
812,0.3455,15.92803001,90,2346,,,,,0,0.244109789,0.073232937,13.65487159
813,0.381,18.49579811,90,2706,,,,,0,0.331552101,0.09946563,10.05362298
814,0.368,18.71681213,92,2740,,,,,0.066666667,0.339810542,0.148609829,6.728984729
815,0.43,12.21466064,98,1812,,,,,0.266666667,0.114403692,0.220987774,4.525116732
818,0.457,14.40691948,90,2147,,,,,0,0.195773622,0.058732086,17.02617826
819,0.3595,15.12670517,92,2232,,,,,0.066666667,0.216419723,0.111592584,8.961088691
822,0.3765,16.62683487,92,2483,,,,,0.066666667,0.277386446,0.129882601,7.699201403
824,0.352,17.86541939,90,2578,,,,,0,0.300461501,0.09013845,11.09392166
825,0.429,17.07482338,90,2498,,,,,0,0.281029876,0.084308963,11.86099443
829,0.366,24.25765991,96,3606,,,,,0.2,0.550157882,0.305047365,3.278168697
830,0.454,16.90936089,96,2471,,,,,0.2,0.274471703,0.222341511,4.497565474
833,0.3405,20.56646347,96,2970,,,,,0.2,0.395676463,0.258702939,3.865422396
834,0.4225,19.62709427,100,2839,,,,,0.333333333,0.363857178,0.342490487,2.919780605
835,0.4245,16.84546471,96,2534,,,,,0.2,0.289774107,0.226932232,4.406582457
837,0.406,20.32208443,96,2992,,,,,0.2,0.40102016,0.260306048,3.841617072
841,0.395,17.12703705,90,2544,,,,,0,0.29220306,0.087660918,11.407462
842,0.477,16.34383202,92,2378,,,,,0.066666667,0.251882439,0.122231398,8.181137032
845,0.34,17.98653603,92,2635,,,,,0.066666667,0.314306534,0.140958627,7.094229905
848,0.3805,16.8337822,90,2496,,,,,0,0.280544085,0.084163226,11.88153271
849,0.4195,12.99929619,92,1945,,,,,0.066666667,0.146708769,0.090679297,11.02775389
852,0.356,15.45119286,90,2294,,,,,0,0.231479232,0.06944377,14.39993255
853,0.403,15.22445679,90,2285,,,,,0,0.229293175,0.068787952,14.53721804
855,0.3995,17.29917526,94,2578,,,,,0.133333333,0.300461501,0.183471784,5.450399673
858,0.428,18.62764359,94,2660,,,,,0.133333333,0.320378917,0.189447008,5.278493075
860,0.3875,18.93234253,92,2690,,,,,0.066666667,0.327665776,0.144966399,6.898102633
862,0.3935,17.67897606,90,2547,,,,,0,0.292931746,0.087879524,11.37908555
865,0.396,12.75587082,90,1892,,,,,0,0.133835317,0.040150595,24.90561079
868,0.387,15.91777802,90,2380,,,,,0,0.252368229,0.075710469,13.20803857
869,0.402,17.49944687,92,2611,,,,,0.066666667,0.308477046,0.139209781,7.183351719
870,0.379,18.90993118,94,2735,,,,,0.133333333,0.338596065,0.194912153,5.130490094
871,0.3825,17.0378685,90,2253,,,,,0,0.221520525,0.066456157,15.0472882
872,0.42,14.1711235,92,2064,,,,,0.066666667,0.175613311,0.09935066,10.0652571
873,0.4325,27.8468132,106,4109,,,,,0.533333333,0.672334224,0.575033601,1.739025789
876,0.357,26.08585358,98,3676,,,,,0.266666667,0.567160554,0.356814833,2.802566221
879,0.4745,19.55509186,90,2721,,,,,0,0.335195531,0.100558659,9.944345553
884,0.4695,28.59187126,112,4163,,,,,0.733333333,0.685450571,0.718968505,1.390879576
885,0.3425,18.80478859,90,2698,,,,,0,0.329608939,0.098882682,10.11289208
886,0.455,16.33429527,96,2327,,,,,0.2,0.239494778,0.211848433,4.720333608
888,0.518,13.50951195,92,1974,,,,,0.066666667,0.153752733,0.092792486,10.77661847
889,0.3965,16.28255844,94,2370,,,,,0.133333333,0.249939276,0.168315116,5.941201726
890,0.469,12.64595985,96,1845,,,,,0.2,0.122419237,0.176725771,5.658452272
892,0.3475,20.23410797,90,2887,,,,,0,0.375516153,0.112654846,8.876592184
894,0.4405,18.77403259,92,2679,,,,,0.066666667,0.324993928,0.144164845,6.936455721
895,0.384,16.78872108,90,2447,,,,,0,0.268642215,0.080592665,12.4079232
897,0.511,23.84328842,102,3486,,,,,0.4,0.521010444,0.436303133,2.291979203
898,0.379,21.21114731,96,3038,,,,,0.2,0.412193345,0.263658003,3.792777744
900,0.369,17.71616936,90,2554,,,,,0,0.294632014,0.088389604,11.31341968
901,0.3915,19.10090446,92,2763,,,,,0.066666667,0.345397134,0.150285807,6.653944023
904,0.4475,14.90974426,94,2146,,,,,0.133333333,0.195530726,0.151992551,6.5792265
910,0.377,18.13673973,92,2641,,,,,0.066666667,0.315763906,0.141395838,7.072293917
911,0.3575,18.27692986,90,2614,,,,,0,0.309205732,0.09276172,10.78019277
913,0.3755,15.43951035,92,2239,,,,,0.066666667,0.21811999,0.112102664,8.92031506
914,0.4055,18.69750023,90,2642,,,,,0,0.316006801,0.09480204,10.54818492
915,0.488,13.09633255,90,1855,,,,,0,0.12484819,0.037454457,26.69837927
917,0.4295,24.50323105,100,3521,,,,,0.333333333,0.52951178,0.392186867,2.549798408
918,0.4235,12.63332367,102,1845,,,,,0.4,0.122419237,0.316725771,3.15729547
919,0.4015,15.77782631,94,2316,,,,,0.133333333,0.236822929,0.164380212,6.083420283
920,0.4155,18.53704453,94,2651,,,,,0.133333333,0.318192859,0.188791191,5.296829253
921,0.4625,19.68050003,92,2854,,,,,0.066666667,0.367500607,0.156916849,6.372761336
922,0.3765,17.34900475,90,2524,,,,,0,0.287345154,0.086203546,11.60031626
924,0.3565,16.9878006,90,2470,,,,,0,0.274228807,0.082268642,12.15515193
925,0.356,13.94033432,100,2026,,,,,0.333333333,0.166383289,0.28324832,3.530458608
926,0.6665,13.12541962,102,1950,,,,,0.4,0.147923245,0.324376974,3.082823378
927,0.328,17.73929596,90,2527,,,,,0,0.28807384,0.086422152,11.57097347
928,0.368,17.60983467,90,2549,,,,,0,0.293417537,0.088025261,11.36024622
931,0.3835,14.37687874,94,2088,,,,,0.133333333,0.181442798,0.147766173,6.767402943
932,0.3665,22.27950096,94,3208,,,,,0.133333333,0.453485548,0.229378998,4.359578037
934,0.3865,18.40162277,90,2605,,,,,0,0.307019675,0.092105902,10.85694964
936,0.384,22.47476578,94,3231,,,,,0.133333333,0.45907214,0.231054975,4.32795559
937,0.464,18.62978935,98,2616,,,,,0.266666667,0.309691523,0.279574124,3.57685615
938,0.352,26.64256096,94,3739,,,,,0.133333333,0.582462958,0.268072221,3.730324113
939,0.3395,19.88554001,90,2757,,,,,0,0.343939762,0.103181929,9.691525659
942,0.382,20.43938637,90,2725,,,,,0,0.336167112,0.100850134,9.915604955
943,0.398,17.21262932,90,2295,,,,,0,0.231722128,0.069516638,14.3848385
944,0.369,29.40368652,100,3860,,,,,0.333333333,0.611853291,0.416889321,2.398712444
945,0.3925,15.35511017,94,2276,,,,,0.133333333,0.227107117,0.161465468,6.193236342
946,0.373,18.20969582,90,2621,,,,,0,0.310906,0.0932718,10.72123922
948,0.4635,10.15663147,98,1498,,,,,0.266666667,0.038134564,0.198107036,5.047750817
950,0.365,19.69790459,96,2835,,,,,0.2,0.362885596,0.248865679,4.018215715
954,0.534,14.25433159,90,2082,,,,,0,0.179985426,0.053995628,18.51967501
956,0.4035,13.55171204,96,1960,,,,,0.2,0.150352198,0.185105659,5.402290782
958,0.431,19.3426609,92,2778,,,,,0.066666667,0.349040564,0.151378836,6.605899625
959,0.4375,12.70580292,96,1860,,,,,0.2,0.126062667,0.1778188,5.623670702
960,0.3725,26.00646019,100,3760,,,,,0.333333333,0.58756376,0.409602461,2.441385619
965,0.3945,20.63941956,96,3127,,,,,0.2,0.433811027,0.270143308,3.701725224
967,0.4845,12.99214363,92,1900,,,,,0.066666667,0.135778479,0.087400211,11.44148913
968,0.376,17.93789864,90,2654,,,,,0,0.318921545,0.095676463,10.4517821
969,0.3795,19.76823807,92,2912,,,,,0.066666667,0.381588535,0.161143227,6.205620995
970,0.35,19.15740967,92,2787,,,,,0.066666667,0.351226621,0.152034653,6.577404575
971,0.3645,14.16993141,92,2112,,,,,0.066666667,0.187272286,0.102848352,9.722958648
974,0.411,22.70150185,102,3354,,,,,0.4,0.488948263,0.426684479,2.343646665
975,0.361,18.0850029,94,2626,,,,,0.133333333,0.312120476,0.186969476,5.348438002
977,0.421,18.64719391,92,2728,,,,,0.066666667,0.336895798,0.147735406,6.768812284
978,0.3865,31.062603,106,4611,,,,,0.533333333,0.794267671,0.611613635,1.635016469
980,0.3835,13.84711266,94,2082,,,,,0.133333333,0.179985426,0.147328961,6.787485666
981,0.3755,15.86318016,90,2365,,,,,0,0.2487248,0.07461744,13.40151311
982,0.4395,18.06616783,98,2653,,,,,0.266666667,0.31867865,0.282270262,3.542691504
985,0.3545,16.75105095,92,2484,,,,,0.066666667,0.277629342,0.129955469,7.694884343
987,0.3855,17.4870491,92,2567,,,,,0.066666667,0.297789653,0.136003562,7.352694512
988,0.3745,20.9634304,92,2945,,,,,0.066666667,0.389604081,0.163547891,6.114379589
990,0.4875,19.79613304,92,2652,,,,,0.066666667,0.318435754,0.142197393,7.032428282
991,0.359,20.90930939,92,2676,,,,,0.066666667,0.324265242,0.143946239,6.946989784
992,0.382,20.37549019,96,2580,,,,,0.2,0.300947292,0.230284188,4.342441695
997,0.354,16.95799828,90,2526,,,,,0,0.287830945,0.086349283,11.5807379
1001,0.3435,17.39311218,90,2534,,,,,0,0.289774107,0.086932232,11.50308087
1002,0.404,16.91222191,90,2497,,,,,0,0.280786981,0.084236094,11.87125469
1003,0.374,21.25263214,94,3126,,,,,0.133333333,0.433568132,0.223403773,4.476180104
1005,0.3595,16.62755013,90,2439,,,,,0,0.266699053,0.080009716,12.49832588
1006,0.3895,18.01514626,94,2529,,,,,0.133333333,0.288559631,0.179901223,5.558575018
1009,0.434,16.43943787,90,2377,,,,,0,0.251639543,0.075491863,13.24628528
1011,0.509,17.75860786,90,2520,,,,,0,0.286373573,0.085912072,11.63967226
1014,0.4175,17.25459099,90,2474,,,,,0,0.275200389,0.082560117,12.11223929
1015,0.387,20.3537941,92,2900,,,,,0.066666667,0.378673792,0.160268804,6.239478518
1016,0.3735,15.99979401,92,2324,,,,,0.066666667,0.238766092,0.118296494,8.45326443
1019,0.4805,12.88700104,90,1919,,,,,0,0.14039349,0.042118047,23.74222753
1020,0.5265,19.12593842,98,2790,,,,,0.266666667,0.351955307,0.292253259,3.42167811
1021,0.424,20.35665512,96,2979,,,,,0.2,0.397862521,0.259358756,3.855648286
1022,0.376,19.64783669,94,2866,,,,,0.133333333,0.370415351,0.204457939,4.890957601
1027,0.5015,12.32266426,94,1828,,,,,0.133333333,0.118290017,0.128820338,7.762689102
1028,0.3835,15.72322845,90,2293,,,,,0,0.231236337,0.069370901,14.41505831
1031,0.4505,13.59248161,90,2014,,,,,0,0.163468545,0.049040564,20.39086702
1032,0.3465,17.01998711,90,2522,,,,,0,0.286859364,0.086057809,11.61996094
1037,0.412,17.58337021,90,2527,,,,,0,0.28807384,0.086422152,11.57097347
1041,0.4195,13.02695274,94,1874,,,,,0.133333333,0.129463201,0.132172294,7.565824923
1042,0.3735,15.08021355,90,2169,,,,,0,0.201117318,0.060335196,16.57379938
1043,0.492,17.71116257,94,2566,,,,,0.133333333,0.297546757,0.182597361,5.47650043
1046,0.428,17.48228073,92,2583,,,,,0.066666667,0.301675978,0.13716946,7.290199364
1047,0.475,15.22660255,92,2244,,,,,0.066666667,0.219334467,0.112467007,8.891417472
1050,0.455,23.73361588,96,3482,,,,,0.2,0.520038863,0.296011659,3.378233902
1052,0.435,23.42271805,100,3452,,,,,0.333333333,0.512752004,0.387158934,2.582911895
1053,0.414,15.52844048,92,2329,,,,,0.066666667,0.239980568,0.118660837,8.427309266
1054,0.351,16.47090912,90,2414,,,,,0,0.26062667,0.078188001,12.78952266
1057,0.3875,15.83242416,90,2349,,,,,0,0.244838475,0.073451542,13.61423264
1060,0.4365,14.03832436,90,2090,,,,,0,0.181928589,0.054578577,18.32187169
1062,0.462,15.14935493,100,2273,,,,,0.333333333,0.226378431,0.301246863,3.319525627
1063,0.4515,19.82045174,90,2866,,,,,0,0.370415351,0.111124605,8.998826124
1064,0.3735,19.3529129,94,2828,,,,,0.133333333,0.361185329,0.201688932,4.958105691
1067,0.366,19.96088028,92,2915,,,,,0.066666667,0.382317221,0.161361833,6.19721395
1068,0.383,23.60224724,94,3490,,,,,0.133333333,0.521982026,0.249927941,4.001137266
1069,0.396,20.55311203,100,3025,,,,,0.333333333,0.409035706,0.356044045,2.808633385
1070,0.428,17.1816349,92,2509,,,,,0.066666667,0.283701725,0.131777184,7.588509489
1072,0.3865,19.0820694,90,2798,,,,,0,0.35389847,0.106169541,9.418808563
1074,0.3515,18.72682571,94,2555,,,,,0.133333333,0.294874909,0.181795806,5.500646694
1076,0.4455,16.14236832,92,2334,,,,,0.066666667,0.241195045,0.11902518,8.401513001
1077,0.3935,16.69073105,94,2423,,,,,0.133333333,0.262812728,0.172177152,5.807937827
1078,0.4035,17.28653908,90,2502,,,,,0,0.282001457,0.084600437,11.82013017
1080,0.4085,18.34702492,92,2480,,,,,0.066666667,0.276657761,0.129663995,7.712181699
1081,0.423,18.28193665,90,2389,,,,,0,0.254554287,0.076366286,13.09461224
1084,0.405,20.61963081,90,2668,,,,,0,0.322322079,0.096696624,10.34151576
1085,0.3865,23.39434624,96,3532,,,,,0.2,0.532183629,0.299655089,3.337158956
1087,0.3995,14.20688629,92,2114,,,,,0.066666667,0.187758076,0.10299409,9.709200743
1088,0.3985,18.46504211,92,2731,,,,,0.066666667,0.337624484,0.147954012,6.758811261
1089,0.456,9.939193726,96,1488,,,,,0.2,0.035705611,0.150711683,6.635141637
1091,0.371,29.20222282,100,4277,,,,,0.333333333,0.713140636,0.447275524,2.235753378
1093,0.3785,19.24371719,92,2807,,,,,0.066666667,0.356084528,0.153492025,6.514954021
1094,0.358,18.56851578,92,2707,,,,,0.066666667,0.331794996,0.146205166,6.839656837
1095,0.4045,18.34774017,96,2695,,,,,0.2,0.328880253,0.238664076,4.189972063
1098,0.3595,18.12720299,94,2667,,,,,0.133333333,0.322079184,0.189957088,5.264319134
1099,0.434,22.17507362,98,3243,,,,,0.266666667,0.461986884,0.325262732,3.074428233
1101,0.3945,12.49432564,90,1856,,,,,0,0.125091086,0.037527326,26.64653913
1104,0.413,16.37029648,90,2418,,,,,0,0.261598251,0.078479475,12.74202272
1106,0.4255,12.33148575,90,1830,,,,,0,0.118775808,0.035632742,28.06328878
1107,0.416,13.33069801,90,1989,,,,,0,0.157396162,0.047218849,21.17753504
1108,0.4025,16.90292358,90,2504,,,,,0,0.282487248,0.084746174,11.79980344
1112,0.428,15.16389847,90,2245,,,,,0,0.219577362,0.065873209,15.18044802
1115,0.4085,14.01185989,90,2079,,,,,0,0.17925674,0.053777022,18.59495684
1117,0.522,20.36714554,94,3001,,,,,0.133333333,0.403206218,0.214295199,4.666438349
1118,0.4005,17.12226868,92,2549,,,,,0.066666667,0.293417537,0.134691928,7.424294775
1122,0.527,17.82274246,100,2688,,,,,0.333333333,0.327179985,0.331487329,3.01669746
1123,0.42,16.57056808,90,2449,,,,,0,0.269128006,0.080738402,12.3855265
1125,0.362,27.69112587,98,4092,,,,,0.266666667,0.668205004,0.387128168,2.583117169
1128,0.385,17.55023003,90,2556,,,,,0,0.295117804,0.088535341,11.29479698
1129,0.3745,20.80583572,94,3072,,,,,0.133333333,0.420451785,0.219468869,4.556434124
1130,0.4015,12.48931885,90,1862,,,,,0,0.126548458,0.037964537,26.33967728
1132,0.449,18.46027374,100,2689,,,,,0.333333333,0.327422881,0.331560198,3.016034468
1133,0.384,18.23711395,90,2665,,,,,0,0.321593393,0.096478018,10.36494795
1134,0.425,13.97871971,92,2102,,,,,0.066666667,0.184843333,0.102119666,9.792337193
1136,0.366,15.86556435,90,2346,,,,,0,0.244109789,0.073232937,13.65487159
1139,0.3995,16.51215553,90,2457,,,,,0,0.271071168,0.08132135,12.29674246
1140,0.3825,16.87121391,92,2497,,,,,0.066666667,0.280786981,0.130902761,7.639199921
1142,0.4225,19.7250843,94,2899,,,,,0.133333333,0.378430896,0.206862602,4.834103193
1144,0.399,15.06733894,96,2119,,,,,0.2,0.188972553,0.196691766,5.084071067
1145,0.4655,14.87708092,92,2211,,,,,0.066666667,0.211318922,0.110062343,9.085677134
1146,0.4305,14.31632042,102,2124,,,,,0.4,0.190187029,0.337056109,2.96685628
1147,0.443,15.45596123,92,2275,,,,,0.066666667,0.226864222,0.114725933,8.716349098
1148,0.3405,22.83382416,96,3306,,,,,0.2,0.477289288,0.283186786,3.531225737
1153,0.433,14.69421387,96,2200,,,,,0.2,0.208647073,0.202594122,4.935953001
1155,0.4045,14.22119141,92,2101,,,,,0.066666667,0.184600437,0.102046798,9.799329542
1157,0.424,15.72108269,92,2335,,,,,0.066666667,0.24143794,0.119098049,8.396372688
1158,0.4465,15.21372795,92,2250,,,,,0.066666667,0.220791839,0.112904218,8.856986552
1160,0.463,17.21835136,94,2563,,,,,0.133333333,0.296818071,0.182378755,5.483064726
1161,0.433,12.94660568,90,1932,,,,,0,0.143551129,0.043065339,23.21999099
1164,0.3755,15.92636108,90,2375,,,,,0,0.251153753,0.075346126,13.27190638
1168,0.389,16.85905457,90,2503,,,,,0,0.282244353,0.084673306,11.80995806
1169,0.41,15.50078392,90,2312,,,,,0,0.235851348,0.070755404,14.13299627
1170,0.401,36.69071198,120,5458,,,,,1,1,1,0.999999
1172,0.5355,13.04244995,94,1946,,,,,0.133333333,0.146951664,0.137418832,7.276970012
1173,0.414,16.65687561,90,2480,,,,,0,0.276657761,0.082997328,12.04843546
1175,0.4035,17.6961422,92,2607,,,,,0.066666667,0.307505465,0.138918306,7.198423511
1176,0.432,16.50762558,92,2413,,,,,0.066666667,0.260383775,0.124781799,8.013925057
1177,0.4085,24.4884491,96,3586,,,,,0.2,0.545299976,0.303589993,3.293905366
1178,0.3885,18.20993423,94,2655,,,,,0.133333333,0.31916444,0.189082665,5.288664137
1179,0.4835,14.43147659,96,2117,,,,,0.2,0.188486762,0.196546029,5.087840843
1181,0.3895,14.04309273,94,2079,,,,,0.133333333,0.17925674,0.147110355,6.797571792
1184,0.441,14.32943344,90,2163,,,,,0,0.199659947,0.059897984,16.694774
1185,0.4165,14.35017586,92,2156,,,,,0.066666667,0.197959679,0.10605457,9.429019103
1186,0.4705,13.43417168,90,1983,,,,,0,0.15593879,0.046781637,21.3754517
1188,0.4235,19.22440529,92,2817,,,,,0.066666667,0.358513481,0.154220711,6.484171355
1189,0.3795,19.18768883,92,2822,,,,,0.066666667,0.359727957,0.154585054,6.46888885
1190,0.416,22.78661728,100,3386,,,,,0.333333333,0.496720913,0.382349607,2.61540058
1191,0.42,14.20664787,90,2128,,,,,0,0.191158611,0.057347583,17.43722241
1193,0.4015,15.18559456,96,2267,,,,,0.2,0.224921059,0.207476318,4.819803972
1194,0.3805,12.01033592,94,1788,,,,,0.133333333,0.108574205,0.125905595,7.94239573
1196,0.3735,14.32991028,94,2134,,,,,0.133333333,0.192615983,0.151118128,6.617295988
1198,0.569,12.33029366,92,1842,,,,,0.066666667,0.121690551,0.083173832,12.02286768
1199,0.371,16.92891121,90,2493,,,,,0,0.2798154,0.08394462,11.91247383
1200,0.4365,22.07994461,96,3256,,,,,0.2,0.465144523,0.279543357,3.57724982
1203,0.3825,15.16318321,90,2262,,,,,0,0.223706582,0.067111975,14.90024848
1204,0.3985,20.73693275,92,3072,,,,,0.066666667,0.420451785,0.172802202,5.786929796
1207,0.4565,15.61260223,94,2321,,,,,0.133333333,0.238037406,0.164744555,6.069966497
1210,0.3635,17.1444416,90,2543,,,,,0,0.291960165,0.08758805,11.41695229
1213,0.3355,15.49577713,90,2265,,,,,0,0.224435268,0.067330581,14.85187177
1214,0.403,17.89975166,92,2646,,,,,0.066666667,0.316978382,0.141760181,7.054117287
1216,0.385,16.30330086,90,2387,,,,,0,0.254068496,0.076220549,13.11964941
1218,0.435,18.22209358,96,2713,,,,,0.2,0.333252368,0.23997571,4.167071038
1222,0.4535,17.13681221,92,2512,,,,,0.066666667,0.28443041,0.13199579,7.57594182
1223,0.3775,19.89459991,94,2881,,,,,0.133333333,0.374058781,0.205550968,4.864949784
1224,0.4075,19.27685738,96,2773,,,,,0.2,0.347826087,0.244347826,4.092509942
1225,0.4215,20.65467834,92,2974,,,,,0.066666667,0.396648045,0.16566108,6.036384425
1228,0.3675,18.22757721,94,2807,,,,,0.133333333,0.356084528,0.200158692,4.996010895
1229,0.379,18.27073097,90,2723,,,,,0,0.335681321,0.100704396,9.929954458
1230,0.3315,27.23050117,94,3835,,,,,0.133333333,0.605780908,0.275067606,3.635456678
1231,0.5345,17.04597473,92,2500,,,,,0.066666667,0.281515667,0.131121367,7.62646393
1232,0.418,19.28448677,96,2834,,,,,0.2,0.362642701,0.24879281,4.0193926
1233,0.443,12.49885559,96,1879,,,,,0.2,0.130677678,0.179203303,5.580223137
1235,0.3595,16.88146591,90,2495,,,,,0,0.28030119,0.084090357,11.89182854
1236,0.399,21.96931839,96,3257,,,,,0.2,0.465387418,0.279616225,3.576317584
1237,0.432,13.54622841,90,2004,,,,,0,0.161039592,0.048311878,20.69841521
1239,0.4885,15.44594765,90,2284,,,,,0,0.229050279,0.068715084,14.55263375
1241,0.3875,16.66736603,90,2431,,,,,0,0.26475589,0.079426767,12.59005556
1243,0.3975,17.93885231,90,2632,,,,,0,0.313577848,0.094073354,10.62988959
1244,0.3995,16.24727249,90,2422,,,,,0,0.262569832,0.07877095,12.6948743
1245,0.362,19.12593842,90,2769,,,,,0,0.346854506,0.104056352,9.61008505
1246,0.387,18.27931404,92,2663,,,,,0.066666667,0.321107603,0.142998947,6.993009563
1250,0.4085,15.7456398,90,2339,,,,,0,0.242409521,0.072722856,13.75064592
1251,0.4475,18.54705811,90,2681,,,,,0,0.325479718,0.097643915,10.24118865
1252,0.4445,15.31791687,92,2278,,,,,0.066666667,0.227592907,0.114944539,8.699772166
1254,0.3805,18.20731163,90,2653,,,,,0,0.31867865,0.095603595,10.45974832
1255,0.349,17.50659943,90,2574,,,,,0,0.29948992,0.089846976,11.12991127
1257,0.41,15.18106461,98,2213,,,,,0.266666667,0.211804712,0.25020808,3.99665751
1258,0.353,21.15464211,96,3104,,,,,0.2,0.428224435,0.268467331,3.724834128
1259,0.4465,14.53971863,94,2174,,,,,0.133333333,0.202331795,0.154032872,6.492078581
1260,0.413,13.58866692,92,2044,,,,,0.066666667,0.170755404,0.097893288,10.2151006
1263,0.377,15.36917686,90,2266,,,,,0,0.224678164,0.067403449,14.83581593
1267,0.417,12.9635334,90,1942,,,,,0,0.145980083,0.043794025,22.83364389
1270,0.365,20.84136009,96,3039,,,,,0.2,0.41243624,0.263730872,3.791729807
1271,0.4375,16.08490944,94,2339,,,,,0.133333333,0.242409521,0.16605619,6.022021698
1276,0.3525,18.90540123,94,2754,,,,,0.133333333,0.343211076,0.196296656,5.094304332
1277,0.359,15.41948318,90,2270,,,,,0,0.225649745,0.067694923,14.77193823
1278,0.408,13.54646683,96,1980,,,,,0.2,0.155210104,0.186563031,5.360090007
1279,0.397,21.72112465,98,3195,,,,,0.266666667,0.450327909,0.321765039,3.107848181
1280,0.446,23.96559715,98,3527,,,,,0.266666667,0.530969152,0.345957412,2.890520838
1281,0.4015,18.71776581,92,2696,,,,,0.066666667,0.329123148,0.145403611,6.877360992
1282,0.3835,16.77727699,90,2521,,,,,0,0.286616468,0.08598494,11.62980825
1284,0.475,24.91903305,110,3710,,,,,0.666666667,0.575418994,0.639292365,1.56422709
1288,0.445,13.68236542,92,2055,,,,,0.066666667,0.173427253,0.098694843,10.13213905
1289,0.365,16.93606377,90,2489,,,,,0,0.278843818,0.083653145,11.95398021
1292,0.3645,17.5242424,90,2589,,,,,0,0.30313335,0.090940005,10.99613977
1293,0.4235,15.77472687,92,2370,,,,,0.066666667,0.249939276,0.12164845,8.220341349
1295,0.414,24.42455292,96,3662,,,,,0.2,0.563760019,0.309128006,3.234895403
1298,0.4045,17.56310463,92,2565,,,,,0.066666667,0.297303862,0.135857825,7.360581824
1299,0.398,18.67508888,92,2725,,,,,0.066666667,0.336167112,0.1475168,6.778842948
1300,0.379,17.87114143,90,2607,,,,,0,0.307505465,0.09225164,10.83979824
1301,0.4035,18.76878738,90,2734,,,,,0,0.33835317,0.101505951,9.851542094
1302,0.555,15.96617699,94,2359,,,,,0.133333333,0.247267428,0.167513562,5.969630282
1303,0.364,18.90397072,92,2765,,,,,0.066666667,0.345882924,0.150431544,6.647497765
1304,0.5285,26.66687965,114,4072,,,,,0.8,0.663347097,0.759004129,1.317514153
1305,0.4205,17.04549789,90,2536,,,,,0,0.290259898,0.087077969,11.48382907
1307,0.3315,21.73447609,90,2974,,,,,0,0.396648045,0.118994413,8.403685246
1310,0.42,18.54801178,92,2721,,,,,0.066666667,0.335195531,0.147225326,6.792263503
1311,0.406,17.65561104,90,2574,,,,,0,0.29948992,0.089846976,11.12991127
1313,0.386,18.77069473,90,2674,,,,,0,0.323779451,0.097133835,10.29496778
1315,0.618,15.28000832,94,2244,,,,,0.133333333,0.219334467,0.159133673,6.283985625
1316,0.3565,24.61218834,96,3527,,,,,0.2,0.530969152,0.299290746,3.341221448
1322,0.44,20.90477943,102,2992,,,,,0.4,0.40102016,0.400306048,2.498082421
1324,0.4465,17.53163338,94,2555,,,,,0.133333333,0.294874909,0.181795806,5.500646694
1327,0.3675,16.86835289,92,2433,,,,,0.066666667,0.265241681,0.126239171,7.921408794
1328,0.584,12.55607605,90,1849,,,,,0,0.123390819,0.037017246,27.01370594
1329,0.4355,18.52226257,98,2667,,,,,0.266666667,0.322079184,0.283290422,3.529933923
1331,0.399,15.2118206,90,2196,,,,,0,0.207675492,0.062302648,16.05042464
1332,0.3945,20.93052864,98,3025,,,,,0.266666667,0.409035706,0.309377378,3.232287936
1335,0.368,19.24991608,90,2739,,,,,0,0.339567646,0.101870294,9.816308026
1336,0.455,19.33407784,96,2755,,,,,0.2,0.343453971,0.243036191,4.114596594
1337,0.5165,16.96872711,94,2457,,,,,0.133333333,0.271071168,0.174654684,5.725550856
1338,0.39,15.73324203,90,2286,,,,,0,0.22953607,0.068860821,14.52183497
1339,0.394,16.51549339,92,2409,,,,,0.066666667,0.259412193,0.124490325,8.032688243
1340,0.369,15.26665688,90,2192,,,,,0,0.206703911,0.062011173,16.12586608
1341,0.346,18.86296272,92,2669,,,,,0.066666667,0.322564974,0.143436159,6.971694133
1342,0.4575,17.95911789,90,2570,,,,,0,0.298518339,0.089555502,11.16613515
1344,0.375,19.34576035,92,2766,,,,,0.066666667,0.34612582,0.150504413,6.644279317
1346,0.3635,18.46432686,90,2604,,,,,0,0.306776779,0.092033034,10.8655457
1347,0.37,17.25792885,94,2500,,,,,0.133333333,0.281515667,0.177788033,5.624643889
1348,0.379,18.50962639,90,2656,,,,,0,0.319407335,0.095822201,10.43588602
1349,0.372,15.73729515,90,2262,,,,,0,0.223706582,0.067111975,14.90024848
1352,0.43,17.53139496,92,2574,,,,,0.066666667,0.29948992,0.136513643,7.325221535
1353,0.376,17.85373688,90,2565,,,,,0,0.297303862,0.089191159,11.21174793
1354,0.341,17.82679558,90,2588,,,,,0,0.302890454,0.090867136,11.00495775
1357,0.362,17.40479469,92,2533,,,,,0.066666667,0.289531212,0.13352603,7.489120352
1358,0.417,25.84576607,102,3783,,,,,0.4,0.593150352,0.457945106,2.183663072
1359,0.426,20.74432373,96,3008,,,,,0.2,0.404906485,0.261471946,3.824487454
1360,0.465,16.3769722,90,2415,,,,,0,0.260869565,0.07826087,12.77761451
1365,0.424,16.79587364,92,2475,,,,,0.066666667,0.275443284,0.129299652,7.73391306
1368,0.402,18.14198494,92,2615,,,,,0.066666667,0.309448628,0.139501255,7.168342908
1369,0.334,19.22774315,90,2703,,,,,0,0.330823415,0.099247025,10.0757673
1372,0.408,23.94604683,94,3435,,,,,0.133333333,0.508622784,0.245920168,4.066343725
1375,0.3335,15.78855515,90,2284,,,,,0,0.229050279,0.068715084,14.55263375
1376,0.345,15.38252831,92,2219,,,,,0.066666667,0.213262084,0.110645292,9.037808525
1378,0.354,21.27861977,92,2999,,,,,0.066666667,0.402720427,0.167482795,5.970726902
1379,0.38,17.46606827,90,2524,,,,,0,0.287345154,0.086203546,11.60031626
1380,0.4065,16.5245533,94,2415,,,,,0.133333333,0.260869565,0.171594203,5.827668741
1381,0.405,19.06633377,94,2742,,,,,0.133333333,0.340296332,0.195422233,5.117098845
1382,0.3965,14.2621994,92,2087,,,,,0.066666667,0.181199903,0.101026638,9.898281545
1384,0.365,15.16723633,90,2200,,,,,0,0.208647073,0.062594122,15.97568579
1388,0.396,22.70078659,100,3286,,,,,0.333333333,0.472431382,0.375062748,2.666213425
1389,0.4155,13.41104507,90,1954,,,,,0,0.148894826,0.044668448,22.38666576
1390,0.3595,17.77124405,90,2594,,,,,0,0.304347826,0.091304348,10.952261
1391,0.353,19.07420158,94,2737,,,,,0.133333333,0.339081856,0.19505789,5.126656877
1392,0.4275,20.01523972,98,2897,,,,,0.266666667,0.377945106,0.300050198,3.33276456
1393,0.3875,19.61517334,92,2771,,,,,0.066666667,0.347340296,0.150868756,6.628233712
1394,0.4385,19.06442642,90,2693,,,,,0,0.328394462,0.098518339,10.15029145
1395,0.37,22.75133133,92,3280,,,,,0.066666667,0.47097401,0.18795887,5.320284598
1396,0.4125,17.04263687,92,2441,,,,,0.066666667,0.267184843,0.12682212,7.884997646
1398,0.4025,15.61617851,100,2294,,,,,0.333333333,0.231479232,0.302777103,3.302748745
1400,0.3735,16.95466042,92,2461,,,,,0.066666667,0.27204275,0.128279492,7.795417588
1401,0.4225,18.20087433,90,2582,,,,,0,0.301433082,0.090429925,11.05816404
1402,0.411,9.76729393,108,1420,,,,,0.6,0.01918873,0.425756619,2.34875421
1403,0.374,21.12174034,94,3009,,,,,0.133333333,0.405149381,0.214878148,4.653778701
1405,0.379,17.14420319,90,2492,,,,,0,0.279572504,0.083871751,11.92282338
1407,0.389,12.54296303,94,1851,,,,,0.133333333,0.123876609,0.130496316,7.662992849
1410,0.3925,15.49100876,90,2259,,,,,0,0.222977897,0.066893369,14.94894138
1412,0.4035,15.19417763,94,2218,,,,,0.133333333,0.213019189,0.15723909,6.359701272
1413,0.448,15.406847,92,2253,,,,,0.066666667,0.221520525,0.113122824,8.839870896
1414,0.375,20.02286911,92,2887,,,,,0.066666667,0.375516153,0.159321512,6.276576893
1415,0.4025,15.69485664,92,2292,,,,,0.066666667,0.230993442,0.115964699,8.623239516
1417,0.5415,16.07608795,92,2369,,,,,0.066666667,0.249696381,0.121575581,8.225268324
1418,0.42,19.66023445,92,2810,,,,,0.066666667,0.356813214,0.153710631,6.505688576
1419,0.3505,16.43180847,92,2404,,,,,0.066666667,0.258197717,0.124125982,8.056266142
1420,0.401,17.31443405,94,2449,,,,,0.133333333,0.269128006,0.174071735,5.74472504
1421,0.4305,17.80390739,92,2537,,,,,0.066666667,0.290502793,0.133817505,7.472808059
1423,0.4,14.03236389,90,2069,,,,,0,0.176827787,0.053048336,18.85037726
1425,0.3305,24.40786362,96,3502,,,,,0.2,0.524896769,0.297469031,3.361683183
1426,0.3805,16.87288284,104,2399,,,,,0.466666667,0.25698324,0.403761639,2.476702657
1427,0.38,17.04525948,100,2477,,,,,0.333333333,0.275929075,0.316112056,3.16342518
1429,0.418,16.84570313,92,2451,,,,,0.066666667,0.269613796,0.127550806,7.839951738
1430,0.3995,18.78476143,92,2660,,,,,0.066666667,0.320378917,0.142780342,7.00371623
1432,0.4195,17.02213287,90,2468,,,,,0,0.273743017,0.082122905,12.17672247
1435,0.3545,16.95775986,90,2459,,,,,0,0.271556959,0.081467088,12.27474498
1436,0.415,13.20028305,90,1923,,,,,0,0.141365072,0.042409521,23.57905455
1437,0.362,17.8592205,90,2579,,,,,0,0.300704396,0.090211319,11.08496059
1438,0.495,22.55177498,118,3311,,,,,0.933333333,0.478503765,0.796884463,1.254885484
1439,0.38,17.35305786,90,2508,,,,,0,0.283458829,0.085037649,11.759359
1440,0.385,14.84680176,90,2154,,,,,0,0.197473889,0.059242167,16.87958387
1443,0.4095,18.32723618,90,2628,,,,,0,0.312606267,0.09378188,10.66292696
1444,0.427,18.6009407,90,2661,,,,,0,0.320621812,0.096186544,10.39635656
1445,0.4135,17.64512062,90,2574,,,,,0,0.29948992,0.089846976,11.12991127
1447,0.377,16.38865471,96,2394,,,,,0.2,0.255768764,0.216730629,4.614001215
1448,0.403,17.91787148,94,2596,,,,,0.133333333,0.304833617,0.184783418,5.411711707
1449,0.4085,14.94908333,92,2182,,,,,0.066666667,0.204274957,0.107949154,9.263534731
1451,0.405,14.12415504,90,2026,,,,,0,0.166383289,0.049914987,20.0336619
1453,0.3305,17.32516289,90,2496,,,,,0,0.280544085,0.084163226,11.88153271
1455,0.3925,19.26255226,94,2772,,,,,0.133333333,0.347583192,0.197608291,5.060490809
1456,0.371,16.71171188,90,2419,,,,,0,0.261841146,0.078552344,12.73020281
1458,0.484,17.04287529,92,2487,,,,,0.066666667,0.278358028,0.130174075,7.681962159
1459,0.405,21.51322365,102,3100,,,,,0.4,0.427252854,0.408175856,2.449918423
1460,0.368,14.87088203,90,2164,,,,,0,0.199902842,0.059970853,16.67448907
1461,0.448,29.24489975,114,4254,,,,,0.8,0.707554044,0.772266213,1.294888586
1462,0.446,15.88153839,94,2316,,,,,0.133333333,0.236822929,0.164380212,6.083420283
1467,0.3905,16.94774628,90,2466,,,,,0,0.273257226,0.081977168,12.19836972
1469,0.48,21.50058746,100,3123,,,,,0.333333333,0.432839446,0.363185167,2.753408831
1471,0.4145,19.20580864,90,2707,,,,,0,0.331794996,0.099538499,10.04626315
1473,0.402,25.5253315,96,3649,,,,,0.2,0.56060238,0.308180714,3.244838854
1477,0.431,17.44747162,96,2497,,,,,0.2,0.280786981,0.224236094,4.459565458
1481,0.345,19.69122887,96,2813,,,,,0.2,0.357541899,0.24726257,4.044267422
1483,0.4055,21.47626877,92,3073,,,,,0.066666667,0.420694681,0.172875071,5.784490561
1484,0.389,17.13657379,90,2462,,,,,0,0.272285645,0.081685693,12.24189593
1486,0.386,14.91570473,94,2173,,,,,0.133333333,0.2020889,0.153960003,6.495151233
1490,0.372,24.14751053,100,3533,,,,,0.333333333,0.532426524,0.393061291,2.544126018
1492,0.419,17.51303673,94,2580,,,,,0.133333333,0.300947292,0.183617521,5.446073715
1493,0.3825,14.69111443,96,2117,,,,,0.2,0.188486762,0.196546029,5.087840843
1494,0.3895,13.44394684,90,1951,,,,,0,0.14816614,0.044449842,22.49676164
1496,0.456,15.0372982,98,2192,,,,,0.266666667,0.206703911,0.24867784,4.021250866
1497,0.394,17.25816727,92,2521,,,,,0.066666667,0.286616468,0.132651607,7.538487342
1499,0.423,16.80493355,92,2456,,,,,0.066666667,0.270828273,0.127915149,7.81762124
1500,0.395,21.86489105,102,3187,,,,,0.4,0.448384746,0.414515424,2.412449646
1501,0.462,18.00560951,90,2561,,,,,0,0.296332281,0.088899684,11.24850735
1503,0.396,17.24839211,90,2527,,,,,0,0.28807384,0.086422152,11.57097347
1506,0.4625,16.7183876,100,2460,,,,,0.333333333,0.271799854,0.31487329,3.175870603
1508,0.4065,16.36528969,90,2358,,,,,0,0.247024532,0.07410736,13.49375433
1509,0.3845,19.09446716,92,2685,,,,,0.066666667,0.326451299,0.144602057,6.915483145
1510,0.421,17.70806313,94,2536,,,,,0.133333333,0.290259898,0.180411303,5.542859244
1514,0.389,11.8253231,90,1720,,,,,0,0.092057323,0.027617197,36.20801171
1515,0.4115,18.53942871,92,2651,,,,,0.066666667,0.318192859,0.142124524,7.036033849
1516,0.4005,16.25299454,90,2343,,,,,0,0.243381103,0.073014331,13.69575387
1517,0.526,12.95518875,94,1848,,,,,0.133333333,0.123147923,0.13027771,7.67585124
1518,0.4225,15.00153542,94,2171,,,,,0.133333333,0.201603109,0.153814266,6.501305271
1519,0.448,11.48080826,90,1671,,,,,0,0.080155453,0.024046636,41.58412927
1523,0.391,18.32413673,92,2638,,,,,0.066666667,0.31503522,0.141177233,7.083244927
1524,0.471,17.06171036,92,2491,,,,,0.066666667,0.279329609,0.130465549,7.664799943
1529,0.3445,18.01490784,90,2579,,,,,0,0.300704396,0.090211319,11.08496059
1530,0.382,16.61705971,90,2408,,,,,0,0.259169298,0.077750789,12.86144033
1531,0.389,15.28501511,90,2235,,,,,0,0.217148409,0.065144523,15.35024908
1532,0.3245,18.91517639,90,2705,,,,,0,0.331309206,0.099392762,10.06099359
1534,0.3775,19.55342293,96,2790,,,,,0.2,0.351955307,0.245586592,4.07186695
1535,0.4145,18.1787014,94,2645,,,,,0.133333333,0.316735487,0.188353979,5.309124309
1537,0.389,15.71059227,90,2281,,,,,0,0.228321593,0.068496478,14.59907764
1538,0.3965,16.77179337,94,2394,,,,,0.133333333,0.255768764,0.170063962,5.880105965
1539,0.496,17.24982262,96,2383,,,,,0.2,0.253096915,0.215929075,4.63112886
1540,0.369,17.92407036,90,2551,,,,,0,0.293903328,0.088170998,11.34146917
1542,0.385,16.13926888,90,2354,,,,,0,0.246052951,0.073815885,13.54703596
1543,0.3965,15.38705826,90,2211,,,,,0,0.211318922,0.063395676,15.77369755
1544,0.3455,16.60919189,90,2387,,,,,0,0.254068496,0.076220549,13.11964941
1545,0.4365,14.11223412,94,2048,,,,,0.133333333,0.171726986,0.144851429,6.903577708
1546,0.345,17.73953438,90,2561,,,,,0,0.296332281,0.088899684,11.24850735
1549,0.5465,14.27531242,92,2088,,,,,0.066666667,0.181442798,0.101099506,9.891147319
1551,0.495,16.3526535,92,2332,,,,,0.066666667,0.240709254,0.118879443,8.411812533
1552,0.361,15.89274406,90,2313,,,,,0,0.236094243,0.070828273,14.11845636
1556,0.345,24.01828766,102,3466,,,,,0.4,0.516152538,0.434845761,2.299660682
1558,0.341,19.82498169,98,2833,,,,,0.266666667,0.362399806,0.295386608,3.385382364
1559,0.379,14.57667351,90,2120,,,,,0,0.189215448,0.056764634,17.61629214
1560,0.3325,16.50214195,90,2385,,,,,0,0.253582706,0.076074812,13.14478251
1562,0.4685,14.23072815,92,2090,,,,,0.066666667,0.181928589,0.101245243,9.876909675
1566,0.3655,17.94552803,92,2606,,,,,0.066666667,0.30726257,0.138845438,7.202201347
1567,0.429,13.98015022,90,2022,,,,,0,0.165411708,0.049623512,20.15133156
1569,0.4555,17.56381989,90,2585,,,,,0,0.302161768,0.09064853,11.03149674
1570,0.402,17.64965057,92,2563,,,,,0.066666667,0.296818071,0.135712088,7.368486077
1571,0.4735,13.04316521,90,1856,,,,,0,0.125091086,0.037527326,26.64653913
1572,0.399,16.03293419,90,2338,,,,,0,0.242166626,0.072649988,13.76443775
1574,0.461,19.5248127,94,2823,,,,,0.133333333,0.359970853,0.201324589,4.967078475
1575,0.407,15.02156258,90,2168,,,,,0,0.200874423,0.060262327,16.59383992
1576,0.4275,19.28472519,94,2767,,,,,0.133333333,0.346368715,0.197243948,5.069838345
1577,0.398,18.045187,92,2592,,,,,0.066666667,0.303862035,0.137825277,7.255510484
1579,0.3325,19.98066902,90,2848,,,,,0,0.366043235,0.109812971,9.106309465
1581,0.353,17.94147491,92,2626,,,,,0.066666667,0.312120476,0.140302809,7.127390223
1582,0.4035,17.08340645,94,2442,,,,,0.133333333,0.267427739,0.173561655,5.761608109
1583,0.418,18.43285561,94,2653,,,,,0.133333333,0.31867865,0.188936928,5.292743546
1584,0.498,13.36169243,90,1974,,,,,0,0.153752733,0.04612582,21.67936149
1585,0.424,14.06884193,90,2040,,,,,0,0.169783823,0.050935147,19.63242333
1588,0.4915,13.641119,92,1979,,,,,0.066666667,0.154967209,0.093156829,10.7344708
1589,0.3965,16.57915115,90,2397,,,,,0,0.25649745,0.076949235,12.99541193
1590,0.536,19.35052872,94,2815,,,,,0.133333333,0.35802769,0.20074164,4.981502675
1591,0.415,18.52369308,96,2598,,,,,0.2,0.305319407,0.231595822,4.317848537
1592,0.4015,13.89431953,92,2035,,,,,0.066666667,0.168569347,0.097237471,10.28399556
1593,0.3995,14.71543312,90,2140,,,,,0,0.194073354,0.058222006,17.17534121
1594,0.413,18.25785637,90,2628,,,,,0,0.312606267,0.09378188,10.66292696
1595,0.473,16.05200768,90,2325,,,,,0,0.239008987,0.071702696,13.94628246
1596,0.3945,17.27461815,90,2495,,,,,0,0.28030119,0.084090357,11.89182854
1597,0.365,24.02019501,100,3479,,,,,0.333333333,0.519310177,0.389126387,2.569852533
1598,0.4025,21.98624611,94,3154,,,,,0.133333333,0.440369201,0.225444094,4.43566983
1599,0.44,17.73786545,90,2503,,,,,0,0.282244353,0.084673306,11.80995806
1600,0.3795,19.07157898,92,2734,,,,,0.066666667,0.33835317,0.148172618,6.748839747
1601,0.3925,28.65171432,100,4143,,,,,0.333333333,0.680592665,0.437511133,2.2856509
1602,0.48,15.72132111,90,2264,,,,,0,0.224192373,0.067257712,14.8679624
1603,0.398,16.99185371,90,2478,,,,,0,0.27617197,0.082851591,12.06962858
1605,0.3945,15.78521729,90,2300,,,,,0,0.232936604,0.069880981,14.30984041
1606,0.353,17.81225204,92,2599,,,,,0.066666667,0.305562303,0.138335357,7.228757634
1609,0.414,17.17185974,90,2504,,,,,0,0.282487248,0.084746174,11.79980344
1611,0.3895,14.41836357,92,2132,,,,,0.066666667,0.192130192,0.104305724,9.587109626
1612,0.464,15.68293571,98,2304,,,,,0.266666667,0.233908186,0.256839122,3.893472682
1617,0.4035,20.03860474,96,2830,,,,,0.2,0.36167112,0.248501336,4.024107042
1618,0.467,19.09089088,94,2744,,,,,0.133333333,0.340782123,0.19556797,5.113285604
1619,0.3925,17.96030998,90,2596,,,,,0,0.304833617,0.091450085,10.93480739
1621,0.411,12.91680336,92,1874,,,,,0.066666667,0.129463201,0.085505627,11.69499996
1623,0.396,13.48209381,92,1972,,,,,0.066666667,0.153266942,0.092646749,10.79357036
1624,0.3775,20.04361153,92,2860,,,,,0.066666667,0.368957979,0.15735406,6.355054597
1625,0.373,15.60211182,92,2277,,,,,0.066666667,0.227350012,0.11487167,8.7052908
1626,0.3895,21.41308784,98,3102,,,,,0.266666667,0.427738645,0.31498826,3.174711417
1630,0.403,17.35544205,92,2543,,,,,0.066666667,0.291960165,0.134254716,7.448472424
1632,0.3995,20.16639709,94,2873,,,,,0.133333333,0.372115618,0.204968019,4.878786101
1633,0.4295,18.66841316,92,2679,,,,,0.066666667,0.324993928,0.144164845,6.936455721
1634,0.3955,19.80829239,94,2850,,,,,0.133333333,0.366529026,0.203292041,4.919007529
1638,0.4485,22.53746986,100,3281,,,,,0.333333333,0.471216906,0.374698405,2.668805946
1639,0.3825,18.67294312,90,2548,,,,,0,0.293174642,0.087952393,11.36965808
1641,0.431,20.21551132,96,2822,,,,,0.2,0.359727957,0.247918387,4.033569183
1646,0.382,16.35336876,90,2465,,,,,0,0.273014331,0.081904299,12.20922223
1647,0.338,19.14596558,92,2791,,,,,0.066666667,0.352198203,0.152326127,6.564818866
1648,0.5455,14.83917236,90,2186,,,,,0,0.205246539,0.061573962,16.24036741
1649,0.359,20.55287361,94,3005,,,,,0.133333333,0.404177799,0.214586673,4.660099927
1650,0.3845,14.95981216,96,2241,,,,,0.2,0.218605781,0.205581734,4.864221714
1651,0.4,19.67167854,92,2863,,,,,0.066666667,0.369686665,0.157572666,6.346238075
1652,0.3865,17.27890968,98,2665,,,,,0.266666667,0.321593393,0.283144685,3.531750806
1656,0.4435,14.35041428,92,2131,,,,,0.066666667,0.191887297,0.104232856,9.593811856
1658,0.37,19.08874512,90,2703,,,,,0,0.330823415,0.099247025,10.0757673
1659,0.4155,14.91379738,94,2152,,,,,0.133333333,0.196988098,0.152429763,6.560355546
1661,0.3565,17.92597771,90,2596,,,,,0,0.304833617,0.091450085,10.93480739
1663,0.353,17.46082306,90,2503,,,,,0,0.282244353,0.084673306,11.80995806
1666,0.426,13.14306259,94,1940,,,,,0.133333333,0.145494292,0.136981621,7.300196136
1667,0.332,20.0650692,92,2880,,,,,0.066666667,0.373815885,0.158811432,6.296736255
1670,0.3765,16.14880562,90,2342,,,,,0,0.243138207,0.072941462,13.70943576
1671,0.381,17.53473282,90,2545,,,,,0,0.292445956,0.087733787,11.39798747
1672,0.377,17.0173645,90,2466,,,,,0,0.273257226,0.081977168,12.19836972
1673,0.3585,20.00880241,98,2855,,,,,0.266666667,0.367743503,0.296989717,3.367108604
1674,0.344,18.65386963,90,2631,,,,,0,0.313334953,0.094000486,10.63812972
1679,0.375,20.80559731,94,3000,,,,,0.133333333,0.402963323,0.21422233,4.66802565
1682,0.397,18.77140999,98,2716,,,,,0.266666667,0.333981054,0.286860983,3.485996959
1685,0.494,16.60442352,90,2390,,,,,0,0.254797182,0.076439155,13.08212946
1686,0.375,15.73038101,92,2277,,,,,0.066666667,0.227350012,0.11487167,8.7052908
1689,0.352,31.95023537,110,4654,,,,,0.666666667,0.804712169,0.708080317,1.412267172
1690,0.3915,16.31116867,92,2396,,,,,0.066666667,0.256254554,0.123543033,8.09428004
1692,0.439,13.13328743,94,1928,,,,,0.133333333,0.142579548,0.136107198,7.347096032
1694,0.3725,17.20666885,90,2504,,,,,0,0.282487248,0.084746174,11.79980344
1695,0.424,16.03484154,94,2335,,,,,0.133333333,0.24143794,0.165764715,6.032610528
1698,0.3985,15.65027237,92,2282,,,,,0.066666667,0.228564489,0.115236013,8.677767425
1700,0.367,20.38836479,92,2907,,,,,0.066666667,0.380374059,0.160778884,6.21968354
1701,0.405,14.70851898,92,2162,,,,,0.066666667,0.199417051,0.106491782,9.390307783
1704,0.3865,18.56088638,92,2706,,,,,0.066666667,0.331552101,0.146132297,6.843067396
1705,0.346,16.86358452,92,2441,,,,,0.066666667,0.267184843,0.12682212,7.884997646
1706,0.353,19.37890053,94,2766,,,,,0.133333333,0.34612582,0.197171079,5.071711998
1707,0.432,13.69023323,94,2011,,,,,0.133333333,0.162739859,0.142155291,7.034511047
1709,0.439,13.66233826,94,2000,,,,,0.133333333,0.160068011,0.141353737,7.074400367
1711,0.4925,16.78299904,90,2453,,,,,0,0.270099587,0.081029876,12.3409748
1712,0.403,19.63949203,90,2781,,,,,0,0.349769249,0.104930775,9.530001771
1713,0.3495,19.18053627,90,2726,,,,,0,0.336410007,0.100923002,9.908445745
1715,0.384,18.01633835,92,2586,,,,,0.066666667,0.302404664,0.137388066,7.278599608
1716,0.358,19.12236214,90,2740,,,,,0,0.339810542,0.101943162,9.809291435
1717,0.389,21.01588249,92,2999,,,,,0.066666667,0.402720427,0.167482795,5.970726902
1718,0.3795,15.12122154,90,2175,,,,,0,0.20257469,0.060772407,16.45456537
1719,0.368,19.62423325,92,2790,,,,,0.066666667,0.351955307,0.152253259,6.567960776
1720,0.3935,15.63096046,90,2262,,,,,0,0.223706582,0.067111975,14.90024848
1722,0.3485,15.45381546,94,2231,,,,,0.133333333,0.216176828,0.158186382,6.32161674
1724,0.3585,18.65410805,90,2654,,,,,0,0.318921545,0.095676463,10.4517821
1730,0.3615,19.22893524,90,2715,,,,,0,0.333738159,0.100121448,9.987770209
1731,0.3485,19.53148842,100,2799,,,,,0.333333333,0.354141365,0.339575743,2.944842428
1733,0.4345,17.64011383,90,2583,,,,,0,0.301675978,0.090502793,11.04926063
1738,0.3345,20.28489113,90,2916,,,,,0,0.382560117,0.114768035,8.713151594
1740,0.4715,12.91894913,92,1891,,,,,0.066666667,0.133592422,0.086744393,11.52798971
1744,0.4845,14.03427124,92,2061,,,,,0.066666667,0.174884625,0.099132054,10.08745276
1747,0.5085,22.26448059,114,3212,,,,,0.8,0.454457129,0.696337139,1.436083914
1748,0.3715,15.68770409,92,2303,,,,,0.066666667,0.23366529,0.116766254,8.564044866
1749,0.35,18.04113388,90,2575,,,,,0,0.299732815,0.089919845,11.12089199
1750,0.3815,19.2899704,96,2772,,,,,0.2,0.347583192,0.244274957,4.093730755
1752,0.3755,20.81632614,92,2972,,,,,0.066666667,0.396162254,0.165515343,6.041699463
1753,0.365,21.17729187,92,3034,,,,,0.066666667,0.411221763,0.170033196,5.881169937
1754,0.401,22.9306221,100,3283,,,,,0.333333333,0.471702696,0.374844142,2.667768333
1756,0.363,21.02589607,96,3037,,,,,0.2,0.411950449,0.263585135,3.79382626
1757,0.4495,14.4944191,92,2111,,,,,0.066666667,0.18702939,0.102775484,9.729852232
1758,0.4125,16.95156097,92,2469,,,,,0.066666667,0.273985912,0.12886244,7.760152901
1759,0.422,14.37783241,90,2085,,,,,0,0.180714112,0.054214234,18.44500028
1760,0.4215,20.83015442,98,3006,,,,,0.266666667,0.404420695,0.307992875,3.246817813
1761,0.474,17.94886589,90,2555,,,,,0,0.294874909,0.088462473,11.30410066
1762,0.3555,14.99605179,90,2174,,,,,0,0.202331795,0.060699538,16.47431843
1764,0.3995,16.1178112,90,2343,,,,,0,0.243381103,0.073014331,13.69575387
1765,0.472,15.35868645,90,2238,,,,,0,0.217877095,0.065363128,15.29891124
1766,0.375,16.0446167,90,2349,,,,,0,0.244838475,0.073451542,13.61423264
1767,0.366,15.82431793,90,2303,,,,,0,0.23366529,0.070099587,14.26521577
1769,0.3695,16.02625847,94,2287,,,,,0.133333333,0.229778965,0.162267023,6.162643644
1772,0.468,20.61200142,102,2987,,,,,0.4,0.399805684,0.399941705,2.500358144
1773,0.3895,16.46852493,90,2403,,,,,0,0.257954821,0.077386446,12.92199247
1774,0.4165,19.38700676,92,2756,,,,,0.066666667,0.343696867,0.149775727,6.676604719
1775,0.407,20.12181282,92,2860,,,,,0.066666667,0.368957979,0.15735406,6.355054597
1776,0.3695,18.74399185,94,2644,,,,,0.133333333,0.316492592,0.188281111,5.311179036
1777,0.3755,17.54832268,90,2545,,,,,0,0.292445956,0.087733787,11.39798747
1778,0.405,18.3365345,96,2621,,,,,0.2,0.310906,0.2332718,4.286826414
1781,0.4165,11.84344292,90,1733,,,,,0,0.095214962,0.028564489,35.00727785
1785,0.3735,17.38524437,90,2691,,,,,0,0.327908671,0.098372601,10.16532876
1789,0.354,19.79374886,96,2971,,,,,0.2,0.395919359,0.258775808,3.864333938
1790,0.506,18.35513115,92,2620,,,,,0.066666667,0.310663104,0.139865598,7.149669863
1791,0.504,16.57032967,90,2479,,,,,0,0.276414865,0.08292446,12.05902271
1793,0.451,14.79387283,92,2251,,,,,0.066666667,0.221034734,0.112977087,8.851273974
1797,0.357,20.8067894,96,3044,,,,,0.2,0.413650717,0.264095215,3.786498796
1798,0.413,19.31738853,96,2840,,,,,0.2,0.364100073,0.249230022,4.012341612
1799,0.3805,22.53389359,94,3299,,,,,0.133333333,0.475589021,0.23601004,4.237089932
1800,0.4405,15.30909538,94,2244,,,,,0.133333333,0.219334467,0.159133673,6.283985625
1801,0.3845,18.32270622,92,2709,,,,,0.066666667,0.332280787,0.146350903,6.832845909
1803,0.3715,31.72016144,106,4725,,,,,0.533333333,0.821957736,0.619920654,1.613107065
1806,0.3825,16.16287231,90,2375,,,,,0,0.251153753,0.075346126,13.27190638
1807,0.4075,15.61498642,90,2314,,,,,0,0.236337139,0.070901142,14.10394633
1808,0.373,23.12731743,96,3274,,,,,0.2,0.469516638,0.280854991,3.560543589
1809,0.367,14.01472092,90,2054,,,,,0,0.173184358,0.051955307,19.24694138
1810,0.3905,13.80825043,92,1834,,,,,0.066666667,0.119747389,0.082590883,12.10772729
1813,0.3795,16.10708237,90,2405,,,,,0,0.258440612,0.077532184,12.89770332
1815,0.5,16.2832737,100,2414,,,,,0.333333333,0.26062667,0.311521334,3.210042716
1819,0.4245,15.7597065,92,2365,,,,,0.066666667,0.2487248,0.121284107,8.245035425
1820,0.3795,16.96848869,92,2532,,,,,0.066666667,0.289288317,0.133453162,7.493209559
1821,0.3485,13.58532906,90,2026,,,,,0,0.166383289,0.049914987,20.0336619
1825,0.3995,20.00761032,94,2927,,,,,0.133333333,0.385231965,0.208902923,4.786889525
1829,0.403,19.91081238,94,2913,,,,,0.133333333,0.381831431,0.207882763,4.810380512
1830,0.3755,18.82338524,92,2700,,,,,0.066666667,0.330094729,0.145695085,6.863602389
1831,0.5055,12.25805283,92,1844,,,,,0.066666667,0.122176342,0.083319569,12.00183831
1832,0.36,18.79143715,90,2729,,,,,0,0.337138693,0.101141608,9.887030007
1836,0.407,18.9306736,92,2778,,,,,0.066666667,0.349040564,0.151378836,6.605899625
1837,0.3465,17.0135498,90,2526,,,,,0,0.287830945,0.086349283,11.5807379
1841,0.4135,13.62729073,90,2011,,,,,0,0.162739859,0.048821958,20.48216754
1843,0.3615,18.10216904,90,2658,,,,,0,0.319893126,0.095967938,10.42003822
1844,0.426,16.70622826,94,2434,,,,,0.133333333,0.265484576,0.172978706,5.781024966
1846,0.359,21.75855637,94,3161,,,,,0.133333333,0.442069468,0.225954174,4.425656573
1848,0.394,19.8969841,98,2939,,,,,0.266666667,0.388146709,0.303110679,3.29911405
1849,0.4485,18.08738708,92,2570,,,,,0.066666667,0.298518339,0.136222168,7.340895186
1850,0.403,16.50929451,92,2465,,,,,0.066666667,0.273014331,0.128570966,7.777745272
1851,0.372,17.23003387,92,2497,,,,,0.066666667,0.280786981,0.130902761,7.639199921
1852,0.459,12.7632618,102,1903,,,,,0.4,0.136507165,0.32095215,3.115719541
1853,0.3685,19.33550835,94,2827,,,,,0.133333333,0.360942434,0.201616063,4.959897653
1856,0.36,16.38150215,92,2395,,,,,0.066666667,0.256011659,0.123470164,8.099057016
1858,0.4305,15.21396637,94,2288,,,,,0.133333333,0.230021861,0.162339892,6.15987747
1859,0.3815,23.9443779,96,3499,,,,,0.2,0.524168084,0.297250425,3.364155444
1860,0.324,19.21653748,90,2784,,,,,0,0.350497935,0.105149381,9.510189066
1861,0.415,16.07060432,90,2350,,,,,0,0.24508137,0.073524411,13.60074003
1862,0.442,17.97389984,96,2623,,,,,0.2,0.31139179,0.233417537,4.284149891
1863,0.3745,15.61570168,90,2310,,,,,0,0.235365557,0.070609667,14.16216613
1867,0.406,20.61772346,102,3040,,,,,0.4,0.412679135,0.403803741,2.476444428
1869,0.4665,19.28257942,98,2843,,,,,0.266666667,0.364828759,0.296115294,3.377051581
1870,0.3965,13.3831501,92,1976,,,,,0.066666667,0.154238523,0.092938224,10.75971975
1872,0.3995,19.35982704,90,2552,,,,,0,0.294146223,0.088243867,11.3321039
1874,0.4025,18.55134964,92,2738,,,,,0.066666667,0.339324751,0.148464092,6.735590075
1875,0.451,20.14231682,98,2924,,,,,0.266666667,0.384503279,0.30201765,3.3110538
1876,0.409,16.50667191,90,2387,,,,,0,0.254068496,0.076220549,13.11964941
1877,0.473,21.28076553,98,3050,,,,,0.266666667,0.415108088,0.311199093,3.213366647
1878,0.422,14.58621025,90,2130,,,,,0,0.191644401,0.05749332,17.39302236
1879,0.345,26.45421028,94,3799,,,,,0.133333333,0.597036677,0.272444336,3.670461065
1880,0.4215,18.15032959,94,2593,,,,,0.133333333,0.304104931,0.184564813,5.418121515
1881,0.4425,19.35887337,96,2769,,,,,0.2,0.346854506,0.244056352,4.097397571
1883,0.405,17.76123047,92,2587,,,,,0.066666667,0.302647559,0.137460934,7.274741221
1886,0.365,22.88079262,94,3315,,,,,0.133333333,0.479475346,0.237175937,4.216261547
1887,0.36,14.95242119,90,2145,,,,,0,0.195287831,0.058586349,17.06853121
1888,0.398,14.40358162,96,2086,,,,,0.2,0.180957008,0.194287102,5.146995562
1890,0.357,15.25783539,90,2165,,,,,0,0.200145737,0.060043721,16.65425338
1891,0.3685,26.01099014,102,3768,,,,,0.4,0.589506923,0.456852077,2.188887524
1892,0.447,14.30439949,92,2090,,,,,0.066666667,0.181928589,0.101245243,9.876909675
1893,0.3605,13.73958588,90,1983,,,,,0,0.15593879,0.046781637,21.3754517
1896,0.409,16.19052887,92,2372,,,,,0.066666667,0.250425067,0.121794187,8.210505087
1897,0.417,16.923666,90,2463,,,,,0,0.27252854,0.081758562,12.23098528
1901,0.422,20.75910568,96,2947,,,,,0.2,0.390089871,0.257026961,3.890627287
1904,0.397,18.23043823,96,2618,,,,,0.2,0.310177314,0.233053194,4.290847474
1905,0.3855,14.23072815,92,2061,,,,,0.066666667,0.174884625,0.099132054,10.08745276
1909,0.368,17.55023003,92,2515,,,,,0.066666667,0.285159096,0.132214396,7.563415709
1910,0.443,12.96830177,90,1915,,,,,0,0.139421909,0.041826573,23.90767463
1912,0.4105,10.63537598,96,1533,,,,,0.2,0.0466359,0.15399077,6.493853536
1914,0.404,12.69245148,90,1857,,,,,0,0.125333981,0.037600194,26.59489993
1920,0.3955,16.92962646,90,2462,,,,,0,0.272285645,0.081685693,12.24189593
1922,0.361,22.59039879,96,3255,,,,,0.2,0.464901627,0.279470488,3.578182542
1924,0.406,21.38328552,96,3080,,,,,0.2,0.422394948,0.266718484,3.749257399
1925,0.45,19.40393448,96,2773,,,,,0.2,0.347826087,0.244347826,4.092509942
1927,0.428,17.94314384,96,2640,,,,,0.2,0.31552101,0.234656303,4.261533678
1929,0.402,13.70024681,90,1993,,,,,0,0.158367744,0.047510323,21.04761425
1931,0.385,21.55852318,92,3091,,,,,0.066666667,0.425066796,0.174186706,5.740933305
1932,0.4435,16.1781311,94,2319,,,,,0.133333333,0.237551615,0.164598818,6.075340864
1935,0.415,15.89345932,100,2324,,,,,0.333333333,0.238766092,0.304963161,3.279073833
1937,0.3555,17.4612999,92,2532,,,,,0.066666667,0.289288317,0.133453162,7.493209559
1938,0.4365,19.11020279,94,2714,,,,,0.133333333,0.333495264,0.193381912,5.171087702
1944,0.3875,15.72537422,98,2288,,,,,0.266666667,0.230021861,0.255673225,3.911227268
1946,0.412,13.94462585,92,2000,,,,,0.066666667,0.160068011,0.09468707,10.56099254
1950,0.416,11.19756699,96,1638,,,,,0.2,0.072139908,0.161641972,6.186473719
1952,0.376,13.56291771,90,1967,,,,,0,0.152052465,0.04561574,21.92177715
1953,0.4395,17.25387573,90,2456,,,,,0,0.270828273,0.081248482,12.30777079
1954,0.463,19.43945885,92,2788,,,,,0.066666667,0.351469517,0.152107522,6.574253626
1955,0.4305,21.95835114,102,3200,,,,,0.4,0.451542385,0.415462716,2.406949061
1956,0.3575,15.08712769,92,2187,,,,,0.066666667,0.205489434,0.108313497,9.232374509
1958,0.396,15.51365852,92,2247,,,,,0.066666667,0.220063153,0.112685613,8.874168615
1959,0.3815,15.83051682,90,2308,,,,,0,0.234879767,0.07046393,14.19145665
1962,0.3545,19.02723312,90,2687,,,,,0,0.32693709,0.098081127,10.19553746
1963,0.4035,18.45145226,96,2623,,,,,0.2,0.31139179,0.233417537,4.284149891
1965,0.3445,16.20650291,94,2368,,,,,0.133333333,0.249453486,0.168169379,5.946350397
1967,0.368,22.01890945,100,3207,,,,,0.333333333,0.453242652,0.369306129,2.707773345
1968,0.414,21.11792564,100,3039,,,,,0.333333333,0.41243624,0.357064205,2.800608923
1969,0.3545,15.49720764,92,2246,,,,,0.066666667,0.219820257,0.112612744,8.879910793
1970,0.399,20.77317238,98,2981,,,,,0.266666667,0.398348312,0.30617116,3.266136279
1971,0.419,16.70026779,90,2426,,,,,0,0.263541414,0.079062424,12.64807351
1972,0.3815,17.50993729,90,2534,,,,,0,0.289774107,0.086932232,11.50308087
1974,0.345,17.73118973,90,2554,,,,,0,0.294632014,0.088389604,11.31341968
1975,0.413,18.03040504,92,2588,,,,,0.066666667,0.302890454,0.137533803,7.270886922
1977,0.408,18.92375946,90,2688,,,,,0,0.327179985,0.098153996,10.18796846
1978,0.374,13.95440102,90,2012,,,,,0,0.162982754,0.048894826,20.45164332
1983,0.4125,12.39466667,90,1816,,,,,0,0.115375273,0.034612582,28.89039339
1984,0.353,17.88306236,90,2595,,,,,0,0.304590721,0.091377216,10.94352723
1985,0.403,23.37288857,96,3376,,,,,0.2,0.49429196,0.288287588,3.468746393
1986,0.393,16.24321938,90,2337,,,,,0,0.241923731,0.072577119,13.77825728
1988,0.344,19.28162575,94,2774,,,,,0.133333333,0.348068982,0.197754028,5.056761439
1992,0.434,14.94956017,90,2207,,,,,0,0.21034734,0.063104202,15.84655412
1994,0.3625,17.46726036,92,2531,,,,,0.066666667,0.289045421,0.133380293,7.497303234
1995,0.3735,18.57113838,94,2646,,,,,0.133333333,0.316978382,0.188426848,5.307071171
1996,0.417,17.66324043,90,2551,,,,,0,0.293903328,0.088170998,11.34146917
2000,0.352,17.80414581,90,2553,,,,,0,0.294389118,0.088316735,11.32275408
