Seed,Density,Execution Time,Path Length,Visited,,,,,,,,Computational
1,0.4595,21.30413055,90,3502,,,,,,,,164.3812683
4,0.379,25.11453629,96,3898,,,,,,,,155.2089179
7,0.3715,25.3238678,100,4019,,,,,,,,158.7040349
9,0.4205,22.24826813,92,3701,,,,,,,,166.3500268
11,0.391,24.46985245,92,3940,,,,,,,,161.0144568
13,0.3815,24.66988564,92,3959,,,,,,,,160.4790577
15,0.4105,23.12088013,92,3734,,,,,,,,161.4990424
16,0.3495,27.72760391,96,4140,,,,,,,,149.309692
19,0.399,24.8260498,92,3831,,,,,,,,154.3137161
20,0.392,24.49846268,92,3894,,,,,,,,158.9487492
21,0.4045,24.48582649,96,3883,,,,,,,,158.581537
22,0.353,26.63588524,96,4135,,,,,,,,155.241696
25,0.465,22.62210846,94,3467,,,,,,,,153.2571558
26,0.414,23.82016182,92,3719,,,,,,,,156.1282425
27,0.3855,25.7704258,90,4060,,,,,,,,157.5449328
28,0.4405,23.09751511,92,3633,,,,,,,,157.2896471
30,0.3875,23.93889427,92,3724,,,,,,,,155.5627406
35,0.3605,26.20816231,92,4092,,,,,,,,156.1345642
38,0.396,23.82278442,92,3781,,,,,,,,158.7136051
39,0.464,21.53801918,92,3510,,,,,,,,162.9676328
42,0.3725,24.75309372,96,3983,,,,,,,,160.9091795
44,0.453,26.53408051,92,2834,,,,,,,,106.8060376
48,0.3605,25.04658699,90,4017,,,,,,,,160.381133
49,0.371,25.51221848,92,4102,,,,,,,,160.7857037
50,0.4995,19.78707314,94,3203,,,,,,,,161.8733593
51,0.389,23.56123924,92,3769,,,,,,,,159.966119
54,0.3945,23.41127396,90,3791,,,,,,,,161.93053
55,0.428,23.00047874,98,3756,,,,,,,,163.3009488
57,0.371,25.50959587,92,3964,,,,,,,,155.3925049
58,0.386,25.06732941,94,3977,,,,,,,,158.6527202
61,0.412,24.15156364,102,3779,,,,,,,,156.4702003
64,0.4815,21.02065086,92,3298,,,,,,,,156.8933342
67,0.3645,25.48718452,90,4001,,,,,,,,156.9808543
68,0.517,19.7467804,102,3108,,,,,,,,157.3927464
69,0.5005,21.51441574,104,3367,,,,,,,,156.4997182
70,0.36,25.96545219,94,4064,,,,,,,,156.5156644
71,0.514,19.67144012,94,3112,,,,,,,,158.1988904
73,0.3495,26.86476707,94,4135,,,,,,,,153.9190714
75,0.405,24.31106567,92,3798,,,,,,,,156.2251549
76,0.4275,22.87435532,96,3614,,,,,,,,157.9935237
77,0.3725,25.19321442,92,3961,,,,,,,,157.2248755
78,0.434,23.03743362,104,3583,,,,,,,,155.5294769
79,0.3525,26.14235878,92,4088,,,,,,,,156.3745657
82,0.4895,21.38519287,92,3329,,,,,,,,155.6684581
84,0.33,27.05073357,90,4191,,,,,,,,154.9311034
85,0.4345,23.74315262,92,3722,,,,,,,,156.7609853
86,0.3915,24.80816841,90,3904,,,,,,,,157.3675225
90,0.4385,23.19574356,90,3649,,,,,,,,157.3133446
91,0.51,19.00601387,94,2960,,,,,,,,155.7401789
92,0.349,26.58700943,100,4160,,,,,,,,156.467391
93,0.358,25.71821213,90,4038,,,,,,,,157.009359
94,0.42,24.21474457,90,3781,,,,,,,,156.1445337
95,0.372,25.42209625,90,4011,,,,,,,,157.7761315
96,0.45,22.35364914,90,3510,,,,,,,,157.0213426
99,0.408,24.33896065,92,3816,,,,,,,,156.7856596
100,0.436,22.91297913,92,3570,,,,,,,,155.8068892
101,0.387,24.73688126,92,3889,,,,,,,,157.2146448
102,0.3895,25.07591248,92,3959,,,,,,,,157.8805957
103,0.332,27.20451355,92,4308,,,,,,,,158.3560754
104,0.3475,28.91778946,90,4105,,,,,,,,141.9541423
106,0.392,24.24526215,90,3927,,,,,,,,161.9697892
107,0.3575,25.40683746,90,4086,,,,,,,,160.8228496
108,0.3975,23.80657196,100,3905,,,,,,,,164.0303361
113,0.3705,24.67107773,92,3996,,,,,,,,161.9710352
115,0.4095,23.29349518,90,3776,,,,,,,,162.1053419
117,0.396,23.37002754,90,3826,,,,,,,,163.7139705
120,0.528,19.79970932,90,3093,,,,,,,,156.2144146
122,0.4465,22.57680893,90,3576,,,,,,,,158.3926236
123,0.5375,19.6852684,94,3121,,,,,,,,158.5449554
126,0.39,25.1185894,94,3944,,,,,,,,157.0151865
127,0.3865,25.52366257,96,4042,,,,,,,,158.3628521
129,0.419,23.73075485,94,3755,,,,,,,,158.2334832
130,0.3865,25.25210381,92,3962,,,,,,,,156.8978185
132,0.414,21.52132988,92,3603,,,,,,,,167.4153047
135,0.3595,25.42948723,90,4034,,,,,,,,158.6347363
137,0.3655,24.96242523,94,4067,,,,,,,,162.9248746
138,0.457,22.33099937,98,3582,,,,,,,,160.4048229
140,0.4105,23.00977707,96,3734,,,,,,,,162.278843
142,0.379,25.47645569,90,3897,,,,,,,,152.9647627
143,0.578,18.41306686,90,2894,,,,,,,,157.1709929
147,0.394,23.77343178,96,3872,,,,,,,,162.8708903
148,0.3685,24.74761009,92,4036,,,,,,,,163.086455
149,0.388,24.22475815,96,3901,,,,,,,,161.0335994
151,0.388,24.19257164,100,3930,,,,,,,,162.4465583
153,0.4605,22.05300331,90,3557,,,,,,,,161.2932239
154,0.388,24.63984489,96,3942,,,,,,,,159.9847733
155,0.513,19.90365982,92,3237,,,,,,,,162.6334066
156,0.381,24.55115318,100,3891,,,,,,,,158.4854272
158,0.44,22.70841599,90,3680,,,,,,,,162.054456
159,0.456,21.97313309,102,3558,,,,,,,,161.9250193
160,0.3695,24.96290207,96,4047,,,,,,,,162.1205735
161,0.395,24.15060997,90,3916,,,,,,,,162.1491136
162,0.3575,25.44355392,92,4120,,,,,,,,161.9270646
164,0.476,21.50058746,96,3495,,,,,,,,162.553698
165,0.4505,21.95501328,90,3525,,,,,,,,160.555585
166,0.377,25.11501312,98,4073,,,,,,,,162.1739149
168,0.4125,24.49154854,94,3889,,,,,,,,158.7894695
170,0.4885,20.03765106,96,3245,,,,,,,,161.9451297
172,0.4365,22.5186348,100,3658,,,,,,,,162.4432401
174,0.413,23.78702164,90,3821,,,,,,,,160.6338136
176,0.4045,24.31178093,90,3887,,,,,,,,159.8813354
181,0.4505,22.70579338,90,3619,,,,,,,,159.3866349
184,0.4585,21.51203156,94,3460,,,,,,,,160.8402252
187,0.4115,23.22244644,90,3732,,,,,,,,160.7065823
188,0.3685,24.95384216,92,3982,,,,,,,,159.5746248
190,0.3475,25.77328682,94,4137,,,,,,,,160.5150336
191,0.388,24.48248863,90,3942,,,,,,,,161.0130432
192,0.3675,25.10094643,92,4067,,,,,,,,162.0257631
193,0.3855,23.80228043,90,3856,,,,,,,,162.0012843
195,0.348,26.17788315,100,4184,,,,,,,,159.8295774
196,0.377,24.8644352,92,3963,,,,,,,,159.3842759
197,0.3575,27.26793289,90,3992,,,,,,,,146.3990694
198,0.424,24.3833065,90,3712,,,,,,,,152.2353008
199,0.385,24.59263802,96,3928,,,,,,,,159.7225965
203,0.3885,23.67281914,92,3900,,,,,,,,164.7459044
205,0.3275,26.52549744,90,4305,,,,,,,,162.2966736
208,0.3325,26.39389038,100,4262,,,,,,,,161.4767637
212,0.361,25.84981918,102,4169,,,,,,,,161.2777239
215,0.398,23.5183239,94,3817,,,,,,,,162.2989808
219,0.4295,21.76785469,110,3483,,,,,,,,160.0065808
223,0.372,25.02083778,90,3961,,,,,,,,158.3080485
224,0.367,25.58374405,92,4099,,,,,,,,160.2189262
226,0.4775,21.34203911,96,3421,,,,,,,,160.2939617
227,0.3985,23.89883995,96,3878,,,,,,,,162.2672903
229,0.391,23.5080719,96,3802,,,,,,,,161.7316816
230,0.3775,26.21221542,96,3927,,,,,,,,149.8156465
231,0.3505,25.52747726,90,4096,,,,,,,,160.4545548
232,0.449,21.75474167,94,3496,,,,,,,,160.7005982
234,0.3545,24.46389198,90,3956,,,,,,,,161.7077121
235,0.4045,23.3745575,92,3789,,,,,,,,162.0993253
236,0.452,20.99776268,98,3376,,,,,,,,160.779034
238,0.5185,19.0987587,90,3051,,,,,,,,159.7486019
239,0.383,24.21236038,94,3936,,,,,,,,162.5615982
241,0.4245,23.76866341,96,3828,,,,,,,,161.0523879
244,0.345,30.67326546,90,4140,,,,,,,,134.9709572
245,0.3785,28.24568748,90,3945,,,,,,,,139.6673387
246,0.4125,26.35550499,94,3761,,,,,,,,142.7026347
249,0.3775,27.65989304,90,4013,,,,,,,,145.0837136
250,0.378,28.39612961,90,3958,,,,,,,,139.3851928
252,0.379,26.60918236,98,4054,,,,,,,,152.3534224
254,0.3895,24.62029457,90,3792,,,,,,,,154.0192783
256,0.394,25.46095848,94,3903,,,,,,,,153.293522
258,0.367,25.61712265,94,4142,,,,,,,,161.6887289
259,0.4535,21.70991898,90,3467,,,,,,,,159.6965886
260,0.604,15.47646523,92,2548,,,,,,,,164.6370771
262,0.4425,21.76737785,108,3536,,,,,,,,162.4449221
264,0.4035,22.7086544,90,3668,,,,,,,,161.5243218
265,0.382,25.28524399,96,3886,,,,,,,,153.6864743
269,0.3845,24.40834045,92,3933,,,,,,,,161.1334457
270,0.4295,22.36008644,90,3535,,,,,,,,158.094201
271,0.358,25.05278587,90,4035,,,,,,,,161.0599325
272,0.404,23.24151993,90,3739,,,,,,,,160.8758812
274,0.3755,28.01442146,90,4021,,,,,,,,143.5332158
276,0.5435,18.72396469,92,2880,,,,,,,,153.8135778
277,0.4145,24.06167984,90,3761,,,,,,,,156.3066263
279,0.3565,25.96855164,90,4079,,,,,,,,157.0746053
281,0.389,24.43671227,90,3844,,,,,,,,157.3043034
283,0.441,21.87371254,92,3420,,,,,,,,156.3520593
288,0.408,24.50585365,94,3841,,,,,,,,156.7380616
289,0.3775,25.53009987,90,4024,,,,,,,,157.6178715
291,0.3705,25.97904205,98,4047,,,,,,,,155.779416
292,0.4735,21.42739296,94,3367,,,,,,,,157.1353084
293,0.407,24.34325218,96,3801,,,,,,,,156.1418323
295,0.3515,25.86340904,90,4060,,,,,,,,156.9785326
297,0.384,24.6784687,92,3854,,,,,,,,156.1685227
298,0.359,25.56228638,94,4087,,,,,,,,159.8839767
299,0.4305,21.36516571,90,3571,,,,,,,,167.1412264
300,0.4,22.62854576,96,3742,,,,,,,,165.3663492
303,0.386,24.28674698,94,3964,,,,,,,,163.216589
304,0.457,21.51179314,96,3491,,,,,,,,162.2830778
305,0.395,23.97203445,90,3857,,,,,,,,160.8958142
307,0.4255,22.93586731,90,3701,,,,,,,,161.3629844
309,0.4265,22.43542671,94,3652,,,,,,,,162.7782724
311,0.4335,22.22776413,94,3539,,,,,,,,159.215294
312,0.437,23.00167084,92,3721,,,,,,,,161.7708568
319,0.4185,22.9473114,90,3652,,,,,,,,159.1471844
321,0.3355,26.03673935,90,4181,,,,,,,,160.5807833
323,0.402,23.42629433,90,3787,,,,,,,,161.6559558
325,0.3685,24.51491356,90,3965,,,,,,,,161.7382819
329,0.409,24.11460876,94,3881,,,,,,,,160.9397871
332,0.377,24.56855774,96,3950,,,,,,,,160.7745982
333,0.3565,25.78139305,90,4128,,,,,,,,160.1154752
334,0.404,23.458004,92,3795,,,,,,,,161.7784702
336,0.3705,24.66964722,90,3989,,,,,,,,161.6966779
337,0.4765,21.08049393,90,3380,,,,,,,,160.3377991
340,0.3845,24.91593361,90,3932,,,,,,,,157.8106629
342,0.372,25.31027794,94,4085,,,,,,,,161.3968843
346,0.3825,24.86538887,92,4008,,,,,,,,161.1879075
347,0.4135,23.15044403,98,3744,,,,,,,,161.7247598
348,0.5195,19.73462105,92,3170,,,,,,,,160.6314097
349,0.413,22.95231819,92,3662,,,,,,,,159.5481541
350,0.3765,24.61242676,90,3928,,,,,,,,159.5941773
351,0.4485,21.66128159,92,3486,,,,,,,,160.9323061
352,0.423,22.58706093,90,3601,,,,,,,,159.4275595
354,0.3635,24.9004364,90,4032,,,,,,,,161.9248729
357,0.3805,24.50180054,98,3917,,,,,,,,159.8658023
359,0.4155,23.69379997,102,3810,,,,,,,,160.8015601
362,0.3925,24.03903008,92,3858,,,,,,,,160.4890042
363,0.4285,21.56686783,90,3383,,,,,,,,156.8609789
364,0.4465,22.60112762,90,3616,,,,,,,,159.9920172
368,0.557,18.38564873,90,2932,,,,,,,,159.4722081
371,0.522,18.83983612,92,3035,,,,,,,,161.0948195
372,0.3585,25.20108223,90,4088,,,,,,,,162.2152558
375,0.3775,24.27506447,92,3926,,,,,,,,161.7297456
376,0.3765,24.87444878,90,3920,,,,,,,,157.5914319
378,0.3725,25.52008629,94,4026,,,,,,,,157.7580873
379,0.3695,25.50196648,94,4112,,,,,,,,161.2424674
380,0.456,22.08042145,102,3572,,,,,,,,161.7722745
382,0.3395,26.28493309,94,4260,,,,,,,,162.070034
384,0.492,20.35999298,92,3262,,,,,,,,160.2161653
385,0.372,25.18057823,96,4074,,,,,,,,161.7913601
387,0.371,24.5244503,90,3939,,,,,,,,160.6152208
390,0.435,22.16935158,92,3552,,,,,,,,160.2211949
392,0.428,23.81682396,92,3656,,,,,,,,153.5049344
393,0.4595,21.33917809,100,3430,,,,,,,,160.7372123
394,0.4275,22.4006176,90,3623,,,,,,,,161.7366121
395,0.361,24.86777306,94,4017,,,,,,,,161.5343678
397,0.3735,24.93810654,90,3984,,,,,,,,159.7555129
398,0.3575,27.03142166,94,4215,,,,,,,,155.9296456
399,0.4215,22.70007133,92,3685,,,,,,,,162.3342917
400,0.3645,24.17707443,94,4000,,,,,,,,165.4459894
403,0.3815,24.31774139,90,3925,,,,,,,,161.4047924
404,0.4195,23.3232975,92,3768,,,,,,,,161.5552003
406,0.368,37.88042068,90,4090,,,,,,,,107.9713458
408,0.4795,21.54493332,96,3137,,,,,,,,145.6026785
409,0.446,21.88587189,92,3485,,,,,,,,159.2351457
410,0.4125,23.65446091,90,3786,,,,,,,,160.0543768
411,0.485,20.32828331,90,3267,,,,,,,,160.7120459
412,0.483,20.94841003,92,3379,,,,,,,,161.3010245
414,0.4285,23.39458466,90,3558,,,,,,,,152.0864786
416,0.4485,31.96287155,90,3505,,,,,,,,109.6584828
419,0.53,22.32646942,96,2749,,,,,,,,123.1273941
420,0.417,24.97267723,92,3767,,,,,,,,150.84486
422,0.36,26.05414391,92,4069,,,,,,,,156.1747726
425,0.355,27.19259262,94,4194,,,,,,,,154.2331788
430,0.4235,23.9109993,92,3637,,,,,,,,152.1057299
437,0.3995,24.33037758,92,3927,,,,,,,,161.4031672
440,0.4145,23.15187454,90,3694,,,,,,,,159.5551148
443,0.402,23.61702919,92,3786,,,,,,,,160.3080544
446,0.3835,24.26338196,96,3896,,,,,,,,160.5711853
447,0.4165,22.54700661,92,3619,,,,,,,,160.5091116
448,0.399,24.7631073,90,3834,,,,,,,,154.8270964
450,0.3945,24.51729774,90,3892,,,,,,,,158.745064
451,0.3885,23.96535873,96,3893,,,,,,,,162.442801
452,0.3815,24.548769,94,4026,,,,,,,,164.0000767
454,0.3985,25.29168129,94,3854,,,,,,,,152.3821195
455,0.453,22.84049988,90,3453,,,,,,,,151.1788279
456,0.4095,24.66893196,92,3770,,,,,,,,152.8238031
457,0.417,25.21681786,92,3828,,,,,,,,151.803452
458,0.4065,24.15895462,90,3671,,,,,,,,151.9519391
461,0.4045,24.44934845,94,3819,,,,,,,,156.2004815
462,0.4405,23.16498756,90,3607,,,,,,,,155.7091274
463,0.5945,17.39192009,92,2728,,,,,,,,156.8544465
469,0.4185,24.27339554,92,3804,,,,,,,,156.7147865
474,0.372,25.21061897,92,3889,,,,,,,,154.2603934
475,0.527,19.96946335,100,3135,,,,,,,,156.989697
476,0.3955,24.68395233,96,3857,,,,,,,,156.2553658
477,0.439,23.2629776,92,3561,,,,,,,,153.075847
478,0.401,25.15649796,100,3904,,,,,,,,155.1885325
479,0.381,25.66146851,92,3887,,,,,,,,151.4722354
480,0.338,26.13759041,96,4088,,,,,,,,156.4030936
482,0.395,25.26497841,96,3814,,,,,,,,150.9599548
483,0.37,25.71606636,96,3915,,,,,,,,152.2394578
484,0.4,25.34270287,92,3872,,,,,,,,152.7855975
485,0.421,24.11007881,96,3689,,,,,,,,153.0065509
486,0.428,23.66399765,92,3614,,,,,,,,152.7214486
488,0.554,19.47307587,90,2936,,,,,,,,150.7722776
489,0.3585,26.7624855,94,4087,,,,,,,,152.7137679
491,0.348,26.27086639,92,4056,,,,,,,,154.3915583
494,0.3885,25.29644966,90,3959,,,,,,,,156.5041756
497,0.393,25.43616295,94,3780,,,,,,,,148.6073197
499,0.419,25.13003349,98,3831,,,,,,,,152.447071
500,0.369,27.75931358,98,4034,,,,,,,,145.3205962
501,0.4175,27.90951729,108,3898,,,,,,,,139.6656187
502,0.525,22.57728577,90,3134,,,,,,,,138.8120801
503,0.339,30.03907204,94,4237,,,,,,,,141.0496301
504,0.439,22.99642563,90,3614,,,,,,,,157.1548578
505,0.361,25.89631081,92,4026,,,,,,,,155.46616
507,0.407,24.03235435,90,3774,,,,,,,,157.038297
508,0.352,26.61824226,92,4135,,,,,,,,155.3445926
509,0.3675,24.93715286,100,3866,,,,,,,,155.029727
510,0.3845,25.66814423,96,4027,,,,,,,,156.8870723
511,0.415,24.16658401,98,3812,,,,,,,,157.7384705
513,0.389,24.97148514,94,3941,,,,,,,,157.8200086
517,0.3445,26.81303024,92,4159,,,,,,,,155.1111517
519,0.403,25.72631836,90,3728,,,,,,,,144.9099692
521,0.3945,25.74729919,94,3930,,,,,,,,152.6373687
523,0.3625,28.59020233,94,4096,,,,,,,,143.2658626
524,0.363,29.2725563,92,4036,,,,,,,,137.8765817
526,0.4305,24.39808846,90,3781,,,,,,,,154.9711571
528,0.4375,22.14884758,92,3565,,,,,,,,160.9564555
530,0.3675,24.74761009,90,3955,,,,,,,,159.8134117
532,0.417,23.9918232,92,3706,,,,,,,,154.4692944
533,0.3775,24.54543114,90,4020,,,,,,,,163.7779339
534,0.46,20.70903778,90,3280,,,,,,,,158.3849542
535,0.4535,23.31519127,96,3625,,,,,,,,155.4780297
536,0.4925,21.20518684,90,3308,,,,,,,,155.9995686
538,0.3825,25.23112297,90,3936,,,,,,,,155.9978129
540,0.491,20.78223228,90,3251,,,,,,,,156.4317036
544,0.521,19.74463463,100,3069,,,,,,,,155.4346311
545,0.371,26.00073814,96,4079,,,,,,,,156.8801616
546,0.588,17.80819893,90,2653,,,,,,,,148.9763232
549,0.394,24.77908134,90,3814,,,,,,,,153.9201534
551,0.3795,25.23756027,90,3849,,,,,,,,152.5107799
552,0.3555,27.3270607,98,4125,,,,,,,,150.949275
553,0.466,21.87609673,90,3340,,,,,,,,152.6780596
554,0.4375,22.50504494,98,3493,,,,,,,,155.2096434
555,0.4375,20.34807205,90,3154,,,,,,,,155.0023998
557,0.3725,25.67958832,96,4024,,,,,,,,156.7003314
558,0.4525,22.41253853,94,3495,,,,,,,,155.9394977
561,0.4375,22.94158936,92,3541,,,,,,,,154.3485041
562,0.341,27.51350403,90,4225,,,,,,,,153.5609567
563,0.6465,14.56308365,90,2263,,,,,,,,155.3929136
564,0.4075,25.15482903,90,3922,,,,,,,,155.914397
565,0.364,26.43537521,92,4104,,,,,,,,155.2465198
566,0.375,26.43465996,92,4112,,,,,,,,155.5533533
567,0.39,24.85132217,92,3874,,,,,,,,155.8870781
568,0.5555,19.05226707,96,2983,,,,,,,,156.5692938
569,0.38,25.21371841,90,3931,,,,,,,,155.9071905
573,0.469,21.05021477,98,3280,,,,,,,,155.8178876
574,0.3635,26.32451057,90,4086,,,,,,,,155.216561
575,0.4385,22.78494835,114,3558,,,,,,,,156.1557194
576,0.375,25.59232712,92,3967,,,,,,,,155.0073966
577,0.436,22.79925346,92,3587,,,,,,,,157.3297128
579,0.451,21.61192894,94,3411,,,,,,,,157.8295028
584,0.359,27.96912193,90,3998,,,,,,,,142.9433505
585,0.438,33.18619728,92,3748,,,,,,,,112.9385198
586,0.36,32.95946121,92,4063,,,,,,,,123.2726462
588,0.387,24.26099777,92,3700,,,,,,,,152.5081547
591,0.4185,24.56951141,96,3854,,,,,,,,156.8610761
594,0.4505,20.72548866,90,3176,,,,,,,,153.2412602
596,0.3555,25.54416656,92,3963,,,,,,,,155.1430535
598,0.4115,25.23994446,94,3909,,,,,,,,154.8735579
599,0.418,23.8173008,92,3705,,,,,,,,155.5591891
601,0.3865,25.54965019,92,4001,,,,,,,,156.5970559
602,0.428,23.03981781,90,3611,,,,,,,,156.7286699
603,0.424,23.28753471,90,3629,,,,,,,,155.834443
605,0.3645,25.72655678,90,4022,,,,,,,,156.3365061
606,0.382,25.17867088,94,3928,,,,,,,,156.0050576
609,0.3885,23.92959595,90,4030,,,,,,,,168.4106998
611,0.447,23.14519882,98,3578,,,,,,,,154.5892964
612,0.376,25.91300011,92,3928,,,,,,,,151.5841463
614,0.4615,22.25351334,92,3559,,,,,,,,159.9298028
618,0.3935,23.43440056,90,3867,,,,,,,,165.0138219
622,0.385,25.22969246,96,3987,,,,,,,,158.0280856
623,0.401,23.69642258,90,3715,,,,,,,,156.7747194
626,0.4235,23.81086349,96,3722,,,,,,,,156.3152047
627,0.424,24.79887009,90,3667,,,,,,,,147.8696403
630,0.4445,23.53143692,90,3562,,,,,,,,151.3719716
631,0.397,25.01869202,94,3842,,,,,,,,153.5651823
632,0.421,25.44355392,90,3845,,,,,,,,151.1188261
635,0.3385,27.67014503,90,4162,,,,,,,,150.4148242
636,0.36,26.44443512,90,4080,,,,,,,,154.2857687
638,0.4745,21.28601074,94,3331,,,,,,,,156.4877534
642,0.3545,26.58581734,92,4124,,,,,,,,155.1203014
643,0.393,24.56068993,90,3831,,,,,,,,155.9809603
644,0.4905,21.07620239,92,3303,,,,,,,,156.7170375
647,0.3775,25.44426918,92,4000,,,,,,,,157.206323
649,0.571,17.92907715,96,2849,,,,,,,,158.9038842
650,0.464,19.78158951,90,3103,,,,,,,,156.8630265
654,0.3515,26.78704262,90,4140,,,,,,,,154.5523356
655,0.3665,25.49362183,92,4007,,,,,,,,157.1765686
657,0.3675,25.13051033,90,3945,,,,,,,,156.9804969
659,0.4795,21.25048637,100,3325,,,,,,,,156.467007
662,0.3445,26.66759491,92,4166,,,,,,,,156.2195621
663,0.3935,24.2061615,96,3810,,,,,,,,157.3979418
664,0.426,24.21021461,100,3713,,,,,,,,153.365018
666,0.528,18.88585091,100,3101,,,,,,,,164.1969967
668,0.3585,24.78480339,94,4034,,,,,,,,162.7610248
670,0.3995,23.56672287,94,3825,,,,,,,,162.3051292
671,0.406,23.10729027,92,3685,,,,,,,,159.4734803
674,0.4155,23.06938171,90,3715,,,,,,,,161.0359587
677,0.3895,23.98276329,90,3818,,,,,,,,159.1976685
678,0.3895,25.11405945,94,3932,,,,,,,,156.5656881
680,0.4205,23.87857437,96,3726,,,,,,,,156.0394663
682,0.3885,24.6284008,92,3947,,,,,,,,160.2621312
683,0.3895,24.32107925,94,3902,,,,,,,,160.4369592
684,0.531,18.53346825,94,2987,,,,,,,,161.1678915
685,0.479,20.52545547,92,3260,,,,,,,,158.8271697
688,0.3975,23.84972572,92,3834,,,,,,,,160.7565657
689,0.359,25.04348755,90,4006,,,,,,,,159.9617462
690,0.392,23.90122414,106,3823,,,,,,,,159.9499665
691,0.3895,24.49369431,92,3914,,,,,,,,159.7962296
693,0.361,24.61075783,96,3959,,,,,,,,160.8646116
694,0.396,24.20306206,92,3881,,,,,,,,160.3516113
697,0.3645,25.24328232,90,4003,,,,,,,,158.5768423
698,0.3765,24.74617958,92,3989,,,,,,,,161.1965995
699,0.441,21.75307274,98,3516,,,,,,,,161.6323377
700,0.388,24.5051384,92,3920,,,,,,,,159.9664501
701,0.358,26.05366707,90,4089,,,,,,,,156.9452772
703,0.3355,26.83520317,92,4213,,,,,,,,156.9952712
705,0.365,25.64644814,96,4093,,,,,,,,159.5932496
708,0.361,26.24750137,104,4199,,,,,,,,159.9771323
709,0.343,26.27468109,92,4185,,,,,,,,159.2788124
711,0.4005,23.14424515,90,3727,,,,,,,,161.0335518
712,0.4045,24.33443069,98,3887,,,,,,,,159.7325226
713,0.428,22.65548706,94,3634,,,,,,,,160.4026429
714,0.3895,24.60002899,90,3914,,,,,,,,159.1055036
716,0.3965,24.21140671,94,3864,,,,,,,,159.5941965
717,0.55,17.88187027,100,2852,,,,,,,,159.491147
719,0.408,23.95606041,100,3819,,,,,,,,159.416863
720,0.48,20.42126656,102,3259,,,,,,,,159.5885344
726,0.4425,23.04697037,90,3655,,,,,,,,158.5891743
728,0.4375,22.46260643,94,3602,,,,,,,,160.3553894
729,0.369,25.9308815,96,4143,,,,,,,,159.7708894
731,0.381,24.32441711,90,3916,,,,,,,,160.990497
732,0.409,23.76055717,90,3783,,,,,,,,159.2134382
733,0.467,21.13175392,94,3409,,,,,,,,161.3212047
734,0.4445,21.74973488,92,3465,,,,,,,,159.3122868
738,0.376,24.8234272,90,3940,,,,,,,,158.7210327
740,0.398,26.44348145,90,3875,,,,,,,,146.5389498
743,0.725,12.19153404,116,1973,,,,,,,,161.8336129
744,0.4145,24.38855171,90,3875,,,,,,,,158.8860235
746,0.3525,25.74467659,92,4098,,,,,,,,159.1785387
748,0.451,21.89612389,96,3484,,,,,,,,159.11492
749,0.4315,22.7868557,100,3668,,,,,,,,160.9699929
750,0.362,25.41613579,90,4040,,,,,,,,158.9541397
751,0.3765,24.54447746,90,3931,,,,,,,,160.1582273
753,0.346,25.60567856,90,4088,,,,,,,,159.6520862
756,0.4095,24.58834648,90,3786,,,,,,,,153.9753803
758,0.3975,24.25837517,94,3831,,,,,,,,157.9248393
759,0.4025,24.14655685,92,3796,,,,,,,,157.2066785
761,0.519,18.33295822,90,2929,,,,,,,,159.7669053
764,0.3305,26.59726143,90,4183,,,,,,,,157.2718308
765,0.367,24.83916283,90,3984,,,,,,,,160.391879
767,0.3985,24.06525612,92,3786,,,,,,,,157.32224
768,0.3465,25.81334114,96,4115,,,,,,,,159.4136915
769,0.404,24.68013763,92,3903,,,,,,,,158.1433645
770,0.401,23.82230759,94,3812,,,,,,,,160.0180833
771,0.4045,23.92148972,98,3822,,,,,,,,159.7726582
772,0.466,21.70372009,92,3462,,,,,,,,159.511825
774,0.3825,24.20473099,94,3911,,,,,,,,161.5799821
775,0.3805,25.05087852,90,3941,,,,,,,,157.319832
777,0.363,25.02918243,96,4111,,,,,,,,164.2482735
779,0.363,26.00026131,96,4078,,,,,,,,156.8445775
780,0.376,24.89280701,90,3916,,,,,,,,157.3145206
781,0.395,23.97155762,90,3746,,,,,,,,156.268527
782,0.372,25.54583549,90,3965,,,,,,,,155.2112086
783,0.3945,24.60551262,92,3857,,,,,,,,156.753491
784,0.539,19.64497566,92,3072,,,,,,,,156.3758619
785,0.404,24.22571182,98,3782,,,,,,,,156.1151238
786,0.4195,23.19598198,96,3602,,,,,,,,155.2855147
788,0.3295,27.16207504,90,4222,,,,,,,,155.4373145
789,0.3925,24.80912209,94,3911,,,,,,,,157.6436274
790,0.394,24.27697182,90,3815,,,,,,,,157.1448049
791,0.3715,25.55418015,92,3992,,,,,,,,156.2171033
793,0.3735,25.94351768,100,3923,,,,,,,,151.2131103
794,0.4605,22.6855278,96,3547,,,,,,,,156.3551896
796,0.3815,25.55727959,90,4010,,,,,,,,156.9024585
797,0.3695,26.19981766,94,4088,,,,,,,,156.0316203
798,0.3265,27.07266808,90,4218,,,,,,,,155.8028927
801,0.37,25.88415146,90,4027,,,,,,,,155.5778255
802,0.375,25.95376968,96,4060,,,,,,,,156.4319962
803,0.4015,24.2497921,92,3779,,,,,,,,155.8363876
804,0.5655,18.45097542,98,2851,,,,,,,,154.5175762
806,0.405,24.70779419,92,3861,,,,,,,,156.2664789
808,0.398,25.32124519,90,3963,,,,,,,,156.5088909
809,0.475,21.25883102,92,3313,,,,,,,,155.8411183
811,0.401,23.59294891,100,3703,,,,,,,,156.9536735
812,0.3455,26.44371986,90,4118,,,,,,,,155.726956
813,0.381,25.09617805,90,3884,,,,,,,,154.7646017
814,0.368,25.85315704,92,4031,,,,,,,,155.9190622
815,0.43,22.70841599,98,3524,,,,,,,,155.1847562
818,0.457,22.08018303,90,3457,,,,,,,,156.5657311
819,0.3595,25.85840225,92,4033,,,,,,,,155.9647793
822,0.3765,25.24352074,92,3907,,,,,,,,154.7723885
824,0.352,26.38149261,90,4124,,,,,,,,156.3217086
825,0.429,23.60081673,90,3695,,,,,,,,156.5623784
829,0.366,25.90584755,96,4039,,,,,,,,155.9107453
830,0.454,22.54104614,96,3510,,,,,,,,155.7159316
833,0.3405,27.48918533,96,4251,,,,,,,,154.6426331
834,0.4225,24.1663456,100,3788,,,,,,,,156.74691
835,0.4245,23.28920364,96,3657,,,,,,,,157.0255495
837,0.406,24.96385574,96,3889,,,,,,,,155.7852297
841,0.395,25.46429634,90,3870,,,,,,,,151.9774962
842,0.477,22.23801613,92,3491,,,,,,,,156.9834278
845,0.34,26.74674988,92,4155,,,,,,,,155.3459773
848,0.3805,25.18558502,90,3934,,,,,,,,156.2004614
849,0.4195,22.57037163,92,3515,,,,,,,,155.7351406
852,0.356,25.89344978,90,4050,,,,,,,,156.4102132
853,0.403,23.71573448,90,3694,,,,,,,,155.7615685
855,0.3995,24.41239357,94,3792,,,,,,,,155.3309383
858,0.428,23.46038818,94,3672,,,,,,,,156.5191493
860,0.3875,25.16412735,92,3959,,,,,,,,157.3271326
862,0.3935,25.90107918,90,3957,,,,,,,,152.7735571
865,0.396,24.79410172,90,3889,,,,,,,,156.8518208
868,0.387,26.18122101,90,3928,,,,,,,,150.0311998
869,0.402,24.58882332,92,3837,,,,,,,,156.0465074
870,0.379,24.85585213,94,3923,,,,,,,,157.8300345
871,0.3825,25.60639381,90,3967,,,,,,,,154.9222444
872,0.42,23.80847931,92,3727,,,,,,,,156.5408673
873,0.4325,23.88477325,106,3726,,,,,,,,155.9989689
876,0.357,26.70717239,98,4168,,,,,,,,156.0629459
879,0.4745,21.88682556,90,3384,,,,,,,,154.6135592
884,0.4695,22.65787125,112,3519,,,,,,,,155.3102655
885,0.3425,26.67713165,90,4112,,,,,,,,154.13951
886,0.455,23.17929268,96,3597,,,,,,,,155.1816119
888,0.518,19.94967461,92,3109,,,,,,,,155.8421408
889,0.3965,24.47128296,94,3822,,,,,,,,156.1830659
890,0.469,22.64022827,96,3467,,,,,,,,153.1344984
892,0.3475,28.26404572,90,4032,,,,,,,,142.6547367
894,0.4405,22.6688385,92,3535,,,,,,,,155.9409407
895,0.384,25.22397041,90,3912,,,,,,,,155.090572
897,0.511,20.86901665,102,3227,,,,,,,,154.6311479
898,0.379,25.79665184,96,4015,,,,,,,,155.6403531
900,0.369,26.10659599,90,4057,,,,,,,,155.40134
901,0.3915,24.99604225,92,3907,,,,,,,,156.3047446
904,0.4475,22.53866196,94,3513,,,,,,,,155.8655082
910,0.377,25.53296089,92,3984,,,,,,,,156.0336076
911,0.3575,25.74968338,90,4021,,,,,,,,156.1572599
913,0.3755,26.94272995,92,3967,,,,,,,,147.2382349
914,0.4055,24.79934692,90,3831,,,,,,,,154.4798745
915,0.488,20.85065842,90,3085,,,,,,,,147.9569584
917,0.4295,24.27530289,100,3735,,,,,,,,153.8600782
918,0.4235,22.9716301,102,3586,,,,,,,,156.1055957
919,0.4015,23.83995056,94,3731,,,,,,,,156.5020024
920,0.4155,24.22142029,94,3760,,,,,,,,155.2344972
921,0.4625,22.07279205,92,3444,,,,,,,,156.0291961
922,0.3765,26.00288391,90,4020,,,,,,,,154.5982366
924,0.3565,26.84831619,90,4170,,,,,,,,155.3170028
925,0.356,25.80475807,100,3984,,,,,,,,154.3901318
926,0.6665,13.77391815,102,2196,,,,,,,,159.4317591
927,0.328,27.43887901,90,4232,,,,,,,,154.2337061
928,0.368,25.88129044,90,4057,,,,,,,,156.7541622
931,0.3835,24.05238152,94,3759,,,,,,,,156.2839005
932,0.3665,25.86960793,94,4043,,,,,,,,156.2837756
934,0.3865,25.9180069,90,3948,,,,,,,,152.3265279
936,0.384,26.60083771,94,4118,,,,,,,,154.8071548
937,0.464,22.01294899,98,3420,,,,,,,,155.3631002
938,0.352,27.03166008,94,4195,,,,,,,,155.1883971
939,0.3395,26.91292763,90,4179,,,,,,,,155.2785359
942,0.382,26.25775337,90,3972,,,,,,,,151.2696057
943,0.398,26.05819702,90,4000,,,,,,,,153.5025619
944,0.369,26.75318718,100,4077,,,,,,,,152.3930578
945,0.3925,25.16627312,94,3841,,,,,,,,152.6249032
946,0.373,25.81524849,90,3930,,,,,,,,152.2356061
948,0.4635,20.51520348,98,3134,,,,,,,,152.7647534
950,0.365,25.95472336,96,4033,,,,,,,,155.3859752
954,0.534,19.64592934,90,3043,,,,,,,,154.8921381
956,0.4035,23.66495132,96,3708,,,,,,,,156.687413
958,0.431,23.56553078,92,3685,,,,,,,,156.3724592
959,0.4375,21.77190781,96,3400,,,,,,,,156.1645415
960,0.3725,26.68190002,100,4062,,,,,,,,152.2380339
965,0.3945,26.1631012,96,3967,,,,,,,,151.625756
967,0.4845,21.29030228,92,3257,,,,,,,,152.9804489
968,0.376,25.96330643,90,3944,,,,,,,,151.9066923
969,0.3795,24.97172356,92,3894,,,,,,,,155.936373
970,0.35,26.32880211,92,4076,,,,,,,,154.8114488
971,0.3645,25.9809494,92,4045,,,,,,,,155.6910003
974,0.411,24.19996262,102,3757,,,,,,,,155.2481737
975,0.361,26.11231804,94,4055,,,,,,,,155.2906944
977,0.421,24.08361435,92,3747,,,,,,,,155.5829597
978,0.3865,25.49290657,106,3995,,,,,,,,156.7102593
980,0.3835,25.44951439,94,3970,,,,,,,,155.995118
981,0.3755,27.26507187,90,4074,,,,,,,,149.4219425
982,0.4395,22.93968201,98,3572,,,,,,,,155.7127077
985,0.3545,26.51524544,92,4124,,,,,,,,155.5331633
987,0.3855,25.61163902,92,3908,,,,,,,,152.5868765
988,0.3745,25.8204937,92,3958,,,,,,,,153.2890907
990,0.4875,21.76451683,92,3318,,,,,,,,152.4499729
991,0.359,26.77702904,92,4071,,,,,,,,152.0332967
992,0.382,25.27523041,96,3875,,,,,,,,153.3121533
997,0.354,26.48687363,90,4108,,,,,,,,155.0956922
1001,0.3435,27.01830864,90,4212,,,,,,,,155.8942884
1002,0.404,24.06096458,90,3752,,,,,,,,155.937223
1003,0.374,25.47454834,94,3992,,,,,,,,156.705428
1005,0.3595,25.96282959,90,3998,,,,,,,,153.9893788
1006,0.3895,24.28102493,94,3798,,,,,,,,156.4184383
1009,0.434,23.01168442,90,3585,,,,,,,,155.7904208
1011,0.509,20.55835724,90,3234,,,,,,,,157.3082889
1014,0.4175,24.12676811,90,3744,,,,,,,,155.1803368
1015,0.387,26.00502968,92,4032,,,,,,,,155.0469294
1016,0.3735,25.31719208,92,3956,,,,,,,,156.2574549
1019,0.4805,21.68536186,90,3402,,,,,,,,156.8800199
1020,0.5265,20.25365829,98,3173,,,,,,,,156.6630559
1021,0.424,24.08099174,96,3713,,,,,,,,154.1880019
1022,0.376,26.065588,94,4082,,,,,,,,156.604946
1027,0.5015,16.92771912,94,2627,,,,,,,,155.189248
1028,0.3835,25.7089138,90,3877,,,,,,,,150.8037263
1031,0.4505,22.65787125,90,3484,,,,,,,,153.7655485
1032,0.3465,26.03673935,90,4062,,,,,,,,156.0103186
1037,0.412,24.23810959,90,3764,,,,,,,,155.2926389
1041,0.4195,20.10774612,94,3115,,,,,,,,154.9154232
1042,0.3735,24.21879768,90,3768,,,,,,,,155.5816292
1043,0.492,20.85494995,94,3272,,,,,,,,156.893208
1046,0.428,23.9584446,92,3698,,,,,,,,154.3505875
1047,0.475,20.56574821,92,3372,,,,,,,,163.9619413
1050,0.455,23.59867096,96,3546,,,,,,,,150.2626994
1052,0.435,23.71358871,100,3716,,,,,,,,156.703401
1053,0.414,23.84161949,92,3719,,,,,,,,155.9877256
1054,0.351,26.89194679,90,4152,,,,,,,,154.3956647
1057,0.3875,24.94072914,90,3909,,,,,,,,156.7315846
1060,0.4365,23.4670639,90,3557,,,,,,,,151.5741388
1062,0.462,21.76952362,100,3390,,,,,,,,155.7222868
1063,0.4515,23.884058,90,3681,,,,,,,,154.1195386
1064,0.3735,25.93231201,94,4073,,,,,,,,157.0627408
1067,0.366,25.95257759,92,4030,,,,,,,,155.2832271
1068,0.383,25.5548954,94,3987,,,,,,,,156.0170737
1069,0.396,24.96552467,100,3894,,,,,,,,155.9750917
1070,0.428,22.98069,92,3542,,,,,,,,154.1294017
1072,0.3865,25.21705627,90,3863,,,,,,,,153.1899663
1074,0.3515,26.89599991,94,4092,,,,,,,,152.1415829
1076,0.4455,22.98927307,92,3512,,,,,,,,152.7669009
1077,0.3935,24.75476265,94,3800,,,,,,,,153.5058144
1078,0.4035,24.42336082,90,3808,,,,,,,,155.9162978
1080,0.4085,24.27411079,92,3790,,,,,,,,156.1334227
1081,0.423,23.32806587,90,3644,,,,,,,,156.206692
1084,0.405,24.41048622,90,3816,,,,,,,,156.3262594
1085,0.3865,23.64253998,96,3682,,,,,,,,155.7362281
1087,0.3995,23.65398407,92,3706,,,,,,,,156.6755093
1088,0.3985,25.45762062,92,3830,,,,,,,,150.4461103
1089,0.456,21.21162415,96,3280,,,,,,,,154.6321949
1091,0.371,26.55363083,100,4131,,,,,,,,155.5719452
1093,0.3785,25.16579628,92,3908,,,,,,,,155.2901389
1094,0.358,26.23438835,92,4046,,,,,,,,154.2250555
1095,0.4045,24.57022667,96,3823,,,,,,,,155.5948202
1098,0.3595,25.66885948,94,4015,,,,,,,,156.4152082
1099,0.434,23.93102646,98,3716,,,,,,,,155.279591
1101,0.3945,25.02322197,90,3846,,,,,,,,153.6972339
1104,0.413,23.20075035,90,3627,,,,,,,,156.3311507
1106,0.4255,23.38385582,90,3650,,,,,,,,156.0905964
1107,0.416,23.63610268,90,3702,,,,,,,,156.6248061
1108,0.4025,24.3473053,90,3814,,,,,,,,156.6497792
1112,0.428,22.72963524,90,3546,,,,,,,,156.0077829
1115,0.4085,23.95296097,90,3682,,,,,,,,153.7179476
1117,0.522,20.23100853,94,3147,,,,,,,,155.5532931
1118,0.4005,24.61338043,92,3846,,,,,,,,156.2564724
1122,0.527,19.4914341,100,3061,,,,,,,,157.0433445
1123,0.42,24.10197258,90,3718,,,,,,,,154.2612327
1125,0.362,26.88026428,98,4201,,,,,,,,156.2856658
1128,0.385,25.36869049,90,3901,,,,,,,,153.7722257
1129,0.3745,26.19290352,94,4051,,,,,,,,154.6602116
1130,0.4015,23.90837669,90,3740,,,,,,,,156.4305285
1132,0.449,23.29206467,100,3618,,,,,,,,155.3318717
1133,0.384,24.90234375,90,3878,,,,,,,,155.7283137
1134,0.425,23.08106422,92,3619,,,,,,,,156.7951965
1136,0.366,26.1824131,90,4074,,,,,,,,155.600631
1139,0.3995,24.17969704,90,3778,,,,,,,,156.2467881
1140,0.3825,29.95181084,92,4024,,,,,,,,134.3491391
1142,0.4225,23.54311943,94,3683,,,,,,,,156.436364
1144,0.399,23.98657799,96,3734,,,,,,,,155.6703921
1145,0.4655,21.83842659,92,3377,,,,,,,,154.6356825
1146,0.4305,23.91028404,102,3709,,,,,,,,155.1215366
1147,0.443,22.89485931,92,3549,,,,,,,,155.0129639
1148,0.3405,26.89051628,96,4190,,,,,,,,155.8170158
1153,0.433,21.74186707,96,3527,,,,,,,,162.2215787
1155,0.4045,23.55718613,92,3712,,,,,,,,157.573998
1157,0.424,23.16141129,92,3733,,,,,,,,161.1732529
1158,0.4465,22.41277695,92,3529,,,,,,,,157.4548307
1160,0.463,21.73161507,94,3490,,,,,,,,160.595519
1161,0.433,22.25399017,90,3534,,,,,,,,158.802982
1164,0.3755,25.06518364,90,4009,,,,,,,,159.9429734
1168,0.389,24.1997242,90,3874,,,,,,,,160.0844691
1169,0.41,23.63705635,90,3753,,,,,,,,158.776116
1170,0.401,24.84703064,120,3991,,,,,,,,160.6228148
1172,0.5355,18.78523827,94,3003,,,,,,,,159.859564
1173,0.414,23.37145805,90,3732,,,,,,,,159.6819502
1175,0.4035,23.69236946,92,3817,,,,,,,,161.1067228
1176,0.432,23.28538895,92,3737,,,,,,,,160.4869048
1177,0.4085,24.11341667,96,3829,,,,,,,,158.7912676
1178,0.3885,24.21307564,94,3881,,,,,,,,160.2852962
1179,0.4835,20.58792114,96,3261,,,,,,,,158.3938455
1181,0.3895,23.58579636,94,3772,,,,,,,,159.9267603
1184,0.441,20.6592083,90,3317,,,,,,,,160.5579435
1185,0.4165,23.10371399,92,3677,,,,,,,,159.1519009
1186,0.4705,20.45345306,90,3291,,,,,,,,160.9019265
1188,0.4235,23.83923531,92,3721,,,,,,,,156.0872214
1189,0.3795,25.32839775,92,4031,,,,,,,,159.1494274
1190,0.416,23.04410934,100,3715,,,,,,,,161.2125661
1191,0.42,21.65293694,90,3458,,,,,,,,159.7011994
1193,0.4015,23.59199524,96,3755,,,,,,,,159.1641555
1194,0.3805,24.04308319,94,3832,,,,,,,,159.3805574
1196,0.3735,25.54225922,94,4059,,,,,,,,158.9131159
1198,0.569,16.19791985,92,2626,,,,,,,,162.1195823
1199,0.371,25.99072456,90,4140,,,,,,,,159.2875947
1200,0.4365,22.74036407,96,3649,,,,,,,,160.4635699
1203,0.3825,24.85585213,90,3909,,,,,,,,157.2667869
1204,0.3985,24.06978607,92,3802,,,,,,,,157.9573657
1207,0.4565,22.27497101,94,3443,,,,,,,,154.5681024
1210,0.3635,25.5048275,90,3995,,,,,,,,156.6370131
1213,0.3355,27.43530273,90,4263,,,,,,,,155.383742
1214,0.403,24.09672737,92,3793,,,,,,,,157.407267
1216,0.385,24.81102943,90,3894,,,,,,,,156.9463295
1218,0.435,23.10204506,96,3622,,,,,,,,156.7826567
1222,0.4535,22.12738991,92,3453,,,,,,,,156.0509402
1223,0.3775,24.80959892,94,3901,,,,,,,,157.2375278
1224,0.4075,24.33538437,96,3780,,,,,,,,155.3293732
1225,0.4215,24.07836914,92,3720,,,,,,,,154.4955133
1228,0.3675,25.97618103,94,4078,,,,,,,,156.9899746
1229,0.379,25.41470528,90,3933,,,,,,,,154.7529258
1230,0.3315,27.3103714,94,4259,,,,,,,,155.9480806
1231,0.5345,20.11728287,92,3093,,,,,,,,153.7483973
1232,0.418,24.51896667,96,3820,,,,,,,,155.7977565
1233,0.443,23.36192131,96,3619,,,,,,,,154.9102042
1235,0.3595,26.03983879,90,4065,,,,,,,,156.1069572
1236,0.399,23.72431755,96,3735,,,,,,,,157.4334011
1237,0.432,24.35851097,90,3771,,,,,,,,154.8124187
1239,0.4885,21.08669281,90,3325,,,,,,,,157.6823843
1241,0.3875,24.71780777,90,3874,,,,,,,,156.7291095
1243,0.3975,25.37751198,90,3953,,,,,,,,155.7678311
1244,0.3995,24.63150024,90,3834,,,,,,,,155.6543435
1245,0.362,26.45754814,90,4103,,,,,,,,155.078618
1246,0.387,24.97673035,92,3903,,,,,,,,156.2654497
1250,0.4085,23.98371696,90,3745,,,,,,,,156.1476066
1251,0.4475,22.90463448,90,3563,,,,,,,,155.558038
1252,0.4445,23.55623245,92,3653,,,,,,,,155.0757324
1254,0.3805,24.68371391,90,3859,,,,,,,,156.3379001
1255,0.349,26.07750893,90,4064,,,,,,,,155.8431064
1257,0.41,24.548769,98,3832,,,,,,,,156.0974402
1258,0.353,26.21746063,96,4072,,,,,,,,155.3163389
1259,0.4465,22.78780937,94,3516,,,,,,,,154.2930232
1260,0.413,21.76713943,92,3398,,,,,,,,156.1068698
1263,0.377,25.55608749,90,3993,,,,,,,,156.2445739
1267,0.417,23.4746933,90,3650,,,,,,,,155.4865895
1270,0.365,26.30758286,96,4112,,,,,,,,156.3047438
1271,0.4375,23.03504944,94,3605,,,,,,,,156.5006409
1276,0.3525,26.68595314,94,4182,,,,,,,,156.7116594
1277,0.359,25.71845055,90,4016,,,,,,,,156.1524864
1278,0.408,23.33807945,96,3676,,,,,,,,157.5108187
1279,0.397,24.88636971,98,3900,,,,,,,,156.7122905
1280,0.446,23.65732193,98,3678,,,,,,,,155.4698377
1281,0.4015,24.59192276,92,3839,,,,,,,,156.1081676
1282,0.3835,25.23589134,90,3949,,,,,,,,156.4834761
1284,0.475,22.48978615,110,3528,,,,,,,,156.8712115
1288,0.445,22.6650238,92,3502,,,,,,,,154.5111989
1289,0.365,25.46262741,90,3955,,,,,,,,155.3256833
1292,0.3645,25.73609352,90,4001,,,,,,,,155.4625995
1293,0.4235,23.56243134,92,3678,,,,,,,,156.0959456
1295,0.414,24.19066429,96,3789,,,,,,,,156.6306718
1298,0.4045,23.68998528,92,3718,,,,,,,,156.9439557
1299,0.398,24.40881729,92,3825,,,,,,,,156.7056672
1300,0.379,25.3880024,90,3957,,,,,,,,155.861022
1301,0.4035,24.11985397,90,3775,,,,,,,,156.5100686
1302,0.555,19.13762093,94,2976,,,,,,,,155.5052225
1303,0.364,26.43370628,92,4063,,,,,,,,153.7052715
1304,0.5285,19.90771294,114,3129,,,,,,,,157.1752621
1305,0.4205,23.41508865,90,3664,,,,,,,,156.4802959
1307,0.3315,27.55665779,90,4196,,,,,,,,152.2681028
1310,0.42,23.79465103,92,3716,,,,,,,,156.1695524
1311,0.406,24.16324615,90,3771,,,,,,,,156.0634683
1313,0.386,25.53892136,90,4000,,,,,,,,156.623686
1315,0.618,15.27309418,94,2447,,,,,,,,160.2163891
1316,0.3565,27.29678154,96,4233,,,,,,,,155.073227
1322,0.44,23.72932434,102,3690,,,,,,,,155.5037955
1324,0.4465,23.06842804,94,3609,,,,,,,,156.4475912
1327,0.3675,26.32594109,92,4072,,,,,,,,154.6763318
1328,0.584,17.23527908,90,2694,,,,,,,,156.3073036
1329,0.4355,23.92601967,98,3753,,,,,,,,156.8585185
1331,0.399,23.25415611,90,3831,,,,,,,,164.7447442
1332,0.3945,23.81706238,98,3855,,,,,,,,161.8587523
1335,0.368,25.359869,90,4086,,,,,,,,161.1207061
1336,0.455,22.22514153,96,3511,,,,,,,,157.9742471
1337,0.5165,19.43325996,94,3133,,,,,,,,161.2184475
1338,0.39,24.46746826,90,3817,,,,,,,,156.0030633
1339,0.394,22.69768715,92,3725,,,,,,,,164.1136375
1340,0.369,24.71637726,90,3896,,,,,,,,157.6282786
1341,0.346,26.7329216,92,4153,,,,,,,,155.3515198
1342,0.4575,22.87459373,90,3562,,,,,,,,155.7186126
1344,0.375,25.58922768,92,3976,,,,,,,,155.377882
1346,0.3635,25.39110184,90,3957,,,,,,,,155.8419963
1347,0.37,24.16443825,94,3805,,,,,,,,157.4627956
1348,0.379,25.4034996,90,3977,,,,,,,,156.5532333
1349,0.372,25.60830116,90,4017,,,,,,,,156.8631974
1352,0.43,23.39100838,92,3652,,,,,,,,156.1283695
1353,0.376,25.36392212,90,3968,,,,,,,,156.4426819
1354,0.341,27.06480026,90,4209,,,,,,,,155.5156498
1357,0.362,25.98166466,92,4069,,,,,,,,156.6104425
1358,0.417,26.59749985,102,3644,,,,,,,,137.0053584
1359,0.426,23.83375168,96,3818,,,,,,,,160.1929923
1360,0.465,21.82412148,90,3580,,,,,,,,164.0386763
1365,0.424,21.34180069,92,3473,,,,,,,,162.7322854
1368,0.402,24.94812012,92,3805,,,,,,,,152.5165015
1369,0.334,26.82757378,90,4182,,,,,,,,155.884391
1372,0.408,24.27196503,94,3848,,,,,,,,158.5368138
1375,0.3335,27.01377869,90,4286,,,,,,,,158.6597732
1376,0.345,26.74460411,92,4110,,,,,,,,153.6758586
1378,0.354,25.7434845,92,4055,,,,,,,,157.5155842
1379,0.38,24.98936653,90,3992,,,,,,,,159.747947
1380,0.4065,23.99563789,94,3846,,,,,,,,160.2791315
1381,0.405,23.78702164,94,3798,,,,,,,,159.6668998
1382,0.3965,23.63681793,92,3726,,,,,,,,157.6354318
1384,0.365,25.53725243,90,3961,,,,,,,,155.1067411
1388,0.396,24.63269234,100,3959,,,,,,,,160.7213676
1389,0.4155,23.24342728,90,3702,,,,,,,,159.2708319
1390,0.3595,25.61450005,90,4058,,,,,,,,158.4258913
1391,0.353,25.69890022,94,4112,,,,,,,,160.0068472
1392,0.4275,23.04601669,98,3663,,,,,,,,158.9428685
1393,0.3875,24.64127541,92,3923,,,,,,,,159.2044216
1394,0.4385,22.39370346,90,3543,,,,,,,,158.2141161
1395,0.37,25.29931068,92,4057,,,,,,,,160.3601004
1396,0.4125,23.95176888,92,3785,,,,,,,,158.0259069
1398,0.4025,23.59747887,100,3773,,,,,,,,159.889962
1400,0.3735,24.81341362,92,3928,,,,,,,,158.301476
1401,0.4225,23.26416969,90,3701,,,,,,,,159.085841
1402,0.411,22.49598503,108,3451,,,,,,,,153.4051519
1403,0.374,25.16007423,94,4016,,,,,,,,159.617971
1405,0.379,24.70016479,90,3935,,,,,,,,159.310678
1407,0.389,23.1025219,94,3692,,,,,,,,159.8093929
1410,0.3925,24.55854416,90,3935,,,,,,,,160.2293676
1412,0.4035,23.58484268,94,3731,,,,,,,,158.1948224
1413,0.448,21.86512947,92,3484,,,,,,,,159.3404697
1414,0.375,24.54614639,92,3948,,,,,,,,160.839911
1415,0.4025,23.82850647,92,3813,,,,,,,,160.0184218
1417,0.5415,18.97883415,92,2981,,,,,,,,157.0697113
1418,0.42,22.96209335,92,3677,,,,,,,,160.1334836
1419,0.3505,26.06534958,92,4091,,,,,,,,156.9516644
1420,0.401,24.37138557,94,3885,,,,,,,,159.4082531
1421,0.4305,23.0307579,92,3653,,,,,,,,158.6139725
1423,0.4,23.99873734,90,3809,,,,,,,,158.7166836
1425,0.3305,27.21905708,96,4298,,,,,,,,157.9040739
1426,0.3805,25.22754669,104,3959,,,,,,,,156.9316291
1427,0.38,24.41596985,100,3871,,,,,,,,158.5437738
1429,0.418,23.45776558,92,3747,,,,,,,,159.7338837
1430,0.3995,24.29008484,92,3851,,,,,,,,158.5420564
1432,0.4195,22.68648148,90,3617,,,,,,,,159.4341548
1435,0.3545,25.88772774,90,4114,,,,,,,,158.9169989
1436,0.415,23.03195,90,3665,,,,,,,,159.1267782
1437,0.362,25.54297447,90,4085,,,,,,,,159.9265585
1438,0.495,20.70045471,118,3312,,,,,,,,159.9964854
1439,0.38,24.91283417,90,3980,,,,,,,,159.7570141
1440,0.385,23.85902405,90,3834,,,,,,,,160.6939157
1443,0.4095,24.84798431,90,3754,,,,,,,,151.078653
1444,0.427,24.43099022,90,3714,,,,,,,,152.0200355
1445,0.4135,23.34618568,90,3749,,,,,,,,160.5829771
1447,0.377,24.95121956,96,3916,,,,,,,,156.9462363
1448,0.403,22.22943306,94,3497,,,,,,,,157.3139536
1449,0.4085,24.25122261,92,3722,,,,,,,,153.4767983
1451,0.405,24.69682693,90,3818,,,,,,,,154.5947587
1453,0.3305,26.95417404,90,4205,,,,,,,,156.0055223
1455,0.3925,26.53884888,94,3978,,,,,,,,149.8934644
1456,0.371,26.866436,90,4024,,,,,,,,149.7779609
1458,0.484,21.36206627,92,3345,,,,,,,,156.5859762
1459,0.405,25.45976639,102,3935,,,,,,,,154.5575847
1460,0.368,25.50077438,90,3987,,,,,,,,156.3481932
1461,0.448,22.5071907,114,3495,,,,,,,,155.2837067
1462,0.446,21.89993858,94,3436,,,,,,,,156.8954172
1467,0.3905,24.43504333,90,3833,,,,,,,,156.8648743
1469,0.48,20.98250389,100,3306,,,,,,,,157.5598421
1471,0.4145,24.0046978,90,3736,,,,,,,,155.6362022
1473,0.402,24.88303185,96,3894,,,,,,,,156.4921841
1477,0.431,22.27401733,96,3480,,,,,,,,156.2358486
1481,0.345,25.79307556,96,4139,,,,,,,,160.4694248
1483,0.4055,24.29842949,92,3894,,,,,,,,160.257271
1484,0.389,24.5475769,90,3876,,,,,,,,157.8974583
1486,0.386,24.39260483,94,3888,,,,,,,,159.3925711
1490,0.372,25.22850037,100,4033,,,,,,,,159.8588874
1492,0.419,23.34833145,94,3741,,,,,,,,160.2255822
1493,0.3825,24.289608,96,3879,,,,,,,,159.6979251
1494,0.3895,21.36445045,90,3339,,,,,,,,156.2876615
1496,0.456,21.65484428,98,3495,,,,,,,,161.3957577
1497,0.394,25.47621727,92,4033,,,,,,,,158.3045064
1499,0.423,23.97465706,92,3713,,,,,,,,154.8718712
1500,0.395,24.47485924,102,3837,,,,,,,,156.7731182
1501,0.462,22.36676216,90,3490,,,,,,,,156.0351013
1503,0.396,24.73950386,90,3842,,,,,,,,155.2981831
1506,0.4625,22.12285995,100,3434,,,,,,,,155.2240537
1508,0.4065,22.87936211,90,3575,,,,,,,,156.2543563
1509,0.3845,24.16753769,92,3756,,,,,,,,155.4150881
1510,0.421,24.29366112,94,3805,,,,,,,,156.6252193
1514,0.389,24.29533005,90,3782,,,,,,,,155.6677762
1515,0.4115,23.76484871,92,3718,,,,,,,,156.4495548
1516,0.4005,25.08282661,90,3936,,,,,,,,156.9201136
1517,0.526,17.65704155,94,2734,,,,,,,,154.8390761
1518,0.4225,22.97449112,94,3568,,,,,,,,155.3026781
1519,0.448,22.09448814,90,3438,,,,,,,,155.6044194
1523,0.391,24.55830574,92,3878,,,,,,,,157.9099161
1524,0.471,21.89612389,92,3431,,,,,,,,156.6944002
1529,0.3445,26.38816833,90,4095,,,,,,,,155.1831847
1530,0.382,24.93095398,90,3908,,,,,,,,156.7529266
1531,0.389,25.04491806,90,3886,,,,,,,,155.1612184
1532,0.3245,27.37593651,90,4258,,,,,,,,155.538058
1534,0.3775,24.96290207,96,3906,,,,,,,,156.4721918
1535,0.4145,23.67711067,94,3703,,,,,,,,156.3957719
1537,0.389,25.65550804,90,3983,,,,,,,,155.2493131
1538,0.3965,25.26855469,94,3950,,,,,,,,156.3207729
1539,0.496,21.40927315,96,3344,,,,,,,,156.1939995
1540,0.369,25.62093735,90,4001,,,,,,,,156.1613436
1542,0.385,25.72703362,90,4016,,,,,,,,156.1003907
1543,0.3965,24.12700653,90,3789,,,,,,,,157.0439331
1544,0.3455,26.79133415,90,4128,,,,,,,,154.0796728
1545,0.4365,23.32782745,94,3621,,,,,,,,155.2223415
1546,0.345,26.28231049,90,4125,,,,,,,,156.9496716
1549,0.5465,18.97621155,92,2966,,,,,,,,156.3009557
1551,0.495,20.58196068,92,3221,,,,,,,,156.4962663
1552,0.361,25.39300919,90,3963,,,,,,,,156.0665761
1556,0.345,27.15921402,102,4224,,,,,,,,155.5273285
1558,0.341,27.59599686,98,4263,,,,,,,,154.4789276
1559,0.379,25.34770966,90,3897,,,,,,,,153.741701
1560,0.3325,27.0781517,90,4177,,,,,,,,154.2572051
1562,0.4685,21.09384537,92,3297,,,,,,,,156.3015155
1566,0.3655,25.65813065,92,3991,,,,,,,,155.5452365
1567,0.429,22.92370796,90,3588,,,,,,,,156.5191812
1569,0.4555,22.31025696,90,3532,,,,,,,,158.3128337
1570,0.402,24.1215229,92,3766,,,,,,,,156.1261292
1571,0.4735,21.14200592,90,3297,,,,,,,,155.9454676
1572,0.399,24.63459969,90,3836,,,,,,,,155.7159462
1574,0.461,22.18341827,94,3441,,,,,,,,155.1158599
1575,0.407,24.35970306,90,3767,,,,,,,,154.6406371
1576,0.4275,23.3502388,94,3662,,,,,,,,156.8292312
1577,0.398,24.26791191,92,3788,,,,,,,,156.0908913
1579,0.3325,27.2166729,90,4203,,,,,,,,154.4273988
1581,0.353,25.6896019,92,4018,,,,,,,,156.4056935
1582,0.4035,24.27363396,94,3789,,,,,,,,156.0952928
1583,0.418,24.19281006,94,3819,,,,,,,,157.8568174
1584,0.498,18.3930397,90,2871,,,,,,,,156.0916546
1585,0.424,24.34706688,90,3718,,,,,,,,152.7083331
1588,0.4915,19.7327137,92,3166,,,,,,,,160.4442272
1589,0.3965,23.65255356,90,3874,,,,,,,,163.7878122
1590,0.536,19.30451393,94,3099,,,,,,,,160.5324025
1591,0.415,23.97537231,96,3757,,,,,,,,156.7024675
1592,0.4015,24.5475769,92,3825,,,,,,,,155.8198602
1593,0.3995,23.95939827,90,3752,,,,,,,,156.5982567
1594,0.413,25.09856224,90,3952,,,,,,,,157.4592187
1595,0.473,21.5857029,90,3356,,,,,,,,155.4732786
1596,0.3945,24.91974831,90,3900,,,,,,,,156.5023832
1597,0.365,25.85840225,100,4062,,,,,,,,157.0862716
1598,0.4025,24.39284325,94,3791,,,,,,,,155.414437
1599,0.44,22.94492722,90,3553,,,,,,,,154.8490421
1600,0.3795,25.36249161,92,3957,,,,,,,,156.0177943
1601,0.3925,25.01702309,100,3936,,,,,,,,157.3328683
1602,0.48,21.91472054,90,3435,,,,,,,,156.7439564
1603,0.398,25.21848679,90,3870,,,,,,,,153.4588507
1605,0.3945,25.22730827,90,3913,,,,,,,,155.1096914
1606,0.353,26.5827179,92,4142,,,,,,,,155.8155195
1609,0.414,24.27959442,90,3765,,,,,,,,155.0684882
1611,0.3895,24.44982529,92,3826,,,,,,,,156.4837358
1612,0.464,22.47476578,98,3485,,,,,,,,155.0627951
1617,0.4035,24.17349815,96,3787,,,,,,,,156.6591635
1618,0.467,22.15862274,94,3439,,,,,,,,155.1991764
1619,0.3925,24.57332611,90,3843,,,,,,,,156.3890856
1621,0.411,24.23262596,92,3734,,,,,,,,154.0897799
1623,0.396,23.80633354,92,3713,,,,,,,,155.9668982
1624,0.3775,25.50554276,92,3989,,,,,,,,156.3973775
1625,0.373,25.15888214,92,3912,,,,,,,,155.4918052
1626,0.3895,24.8708725,98,3909,,,,,,,,157.1718081
1630,0.403,24.65867996,92,3856,,,,,,,,156.3749563
1632,0.3995,24.62720871,94,3809,,,,,,,,154.6663304
1633,0.4295,22.50647545,92,3510,,,,,,,,155.9551165
1634,0.3955,24.95670319,94,3939,,,,,,,,157.8333472
1638,0.4485,22.93610573,100,3598,,,,,,,,156.8705709
1639,0.3825,25.203228,90,3933,,,,,,,,156.0514391
1641,0.431,23.21743965,96,3640,,,,,,,,156.7786998
1646,0.382,25.18868446,90,3943,,,,,,,,156.5385444
1647,0.338,27.39310265,92,4249,,,,,,,,155.1120388
1648,0.5455,18.06330681,90,2809,,,,,,,,155.5086247
1649,0.359,26.23677254,94,4105,,,,,,,,156.459793
1650,0.3845,24.60289001,96,3850,,,,,,,,156.4856811
1651,0.4,24.16706085,92,3791,,,,,,,,156.8664069
1652,0.3865,25.55632591,98,3985,,,,,,,,155.9300822
1656,0.4435,20.1125145,92,3150,,,,,,,,156.6189051
1658,0.37,25.47955513,90,3966,,,,,,,,155.654209
1659,0.4155,24.01232719,94,3734,,,,,,,,155.5034616
1661,0.3565,27.76455879,90,4029,,,,,,,,145.1130569
1663,0.353,26.05962753,90,4057,,,,,,,,155.681427
1666,0.426,23.7288475,94,3727,,,,,,,,157.0662039
1667,0.332,27.3706913,92,4246,,,,,,,,155.1294395
1670,0.3765,26.01099014,90,3986,,,,,,,,153.2429169
1671,0.381,24.80006218,90,3855,,,,,,,,155.4431587
1672,0.377,26.15594864,90,4071,,,,,,,,155.6433703
1673,0.3585,26.39484406,98,4107,,,,,,,,155.5985703
1674,0.344,26.80206299,90,4143,,,,,,,,154.5776533
1679,0.375,25.77900887,94,3989,,,,,,,,154.7382997
1682,0.397,24.71137047,98,3850,,,,,,,,155.7987245
1685,0.494,20.73383331,90,3239,,,,,,,,156.2180978
1686,0.375,25.26545525,92,3954,,,,,,,,156.4982685
1689,0.352,27.43244171,110,4240,,,,,,,,154.5615241
1690,0.3915,24.55925941,92,3866,,,,,,,,157.4151702
1692,0.439,22.95684814,94,3588,,,,,,,,156.2932323
1694,0.3725,25.47979355,90,3958,,,,,,,,155.3387782
1695,0.424,23.88501167,94,3729,,,,,,,,156.1230135
1698,0.3985,24.06644821,92,3785,,,,,,,,157.2728957
1700,0.367,26.16691589,92,4059,,,,,,,,155.1195417
1701,0.405,21.91233635,92,3407,,,,,,,,155.483192
1704,0.3865,25.13003349,92,3905,,,,,,,,155.3917547
1705,0.346,26.4685154,92,4116,,,,,,,,155.5055105
1706,0.353,26.37672424,94,4112,,,,,,,,155.8950218
1707,0.432,22.89509773,94,3582,,,,,,,,156.4527063
1709,0.439,22.13978767,94,3466,,,,,,,,156.5507335
1711,0.4925,20.12515068,90,3134,,,,,,,,155.7255421
1712,0.403,24.37853813,90,3802,,,,,,,,155.9568494
1713,0.3495,26.38339996,90,4097,,,,,,,,155.2870368
1715,0.384,25.18725395,92,3899,,,,,,,,154.8005196
1716,0.358,26.72410011,90,4016,,,,,,,,150.2763417
1717,0.389,24.77622032,92,3884,,,,,,,,156.7632169
1718,0.3795,24.94645119,90,3887,,,,,,,,155.8137456
1719,0.368,26.71170235,92,4095,,,,,,,,153.303595
1720,0.3935,25.17080307,90,3865,,,,,,,,153.5509212
1722,0.3485,26.4582634,94,4115,,,,,,,,155.5279701
1724,0.3585,26.82805061,90,4090,,,,,,,,152.4523738
1730,0.3615,25.80690384,90,3980,,,,,,,,154.2222974
1731,0.3485,26.60036087,100,4143,,,,,,,,155.7497667
1733,0.4345,22.9408741,90,3568,,,,,,,,155.5302551
1738,0.3345,26.95584297,90,4174,,,,,,,,154.8458345
1740,0.4715,21.42953873,92,3358,,,,,,,,156.6995931
1744,0.4845,21.13556862,92,3288,,,,,,,,155.5671418
1747,0.5085,23.75650406,114,3236,,,,,,,,136.2153283
1748,0.3715,25.08974075,92,3932,,,,,,,,156.7174424
1749,0.35,26.96108818,90,4173,,,,,,,,154.7786192
1750,0.3815,26.04269981,96,4045,,,,,,,,155.321838
1752,0.3755,26.09324455,92,4070,,,,,,,,155.9790693
1753,0.365,25.64144135,92,3983,,,,,,,,155.3344816
1754,0.401,24.50037003,100,3818,,,,,,,,155.8343811
1756,0.363,26.20100975,96,4072,,,,,,,,155.4138577
1757,0.4495,22.69291878,92,3545,,,,,,,,156.2161322
1758,0.4125,24.42479134,92,3796,,,,,,,,155.415862
1759,0.422,24.37901497,90,3780,,,,,,,,155.0513835
1760,0.4215,23.89883995,98,3733,,,,,,,,156.2000502
1761,0.474,21.37565613,90,3317,,,,,,,,155.1765232
1762,0.3555,25.68292618,90,4041,,,,,,,,157.3418843
1764,0.3995,24.55592155,90,3827,,,,,,,,155.8483559
1765,0.472,21.65961266,90,3374,,,,,,,,155.7737921
1766,0.375,25.56371689,90,3975,,,,,,,,155.4938203
1767,0.366,25.48122406,90,3972,,,,,,,,155.8794817
1769,0.3695,25.98142624,94,4064,,,,,,,,156.4194345
1772,0.468,21.96359634,102,3423,,,,,,,,155.8487939
1773,0.3895,25.10261536,90,3914,,,,,,,,155.9200085
1774,0.4165,23.92339706,92,3726,,,,,,,,155.7471119
1775,0.407,24.16992188,92,3791,,,,,,,,156.8478384
1776,0.3695,26.11255646,94,4074,,,,,,,,156.0168958
1777,0.3755,25.00772476,90,3925,,,,,,,,156.9515035
1778,0.405,24.63722229,96,3819,,,,,,,,155.0093576
1781,0.4165,23.80681038,90,3687,,,,,,,,154.8716498
1785,0.3735,25.95043182,90,3994,,,,,,,,153.9088069
1789,0.354,26.53765678,96,4134,,,,,,,,155.7786369
1790,0.506,20.50280571,92,3217,,,,,,,,156.9053546
1791,0.504,20.72024345,90,3216,,,,,,,,155.2105316
1793,0.451,22.57347107,92,3503,,,,,,,,155.18216
1797,0.357,26.68809891,96,4145,,,,,,,,155.3126738
1798,0.413,24.0893364,96,3776,,,,,,,,156.7498555
1799,0.3805,26.05962753,94,4041,,,,,,,,155.0674504
1800,0.4405,23.20718765,94,3636,,,,,,,,156.6755979
1801,0.3845,25.12931824,92,3920,,,,,,,,155.9930899
1803,0.3715,26.48377419,106,4167,,,,,,,,157.3416225
1806,0.3825,24.49345589,90,3833,,,,,,,,156.4907793
1807,0.4075,24.23810959,90,3776,,,,,,,,155.787727
1808,0.373,25.93231201,96,4058,,,,,,,,156.4843119
1809,0.367,26.09658241,90,4093,,,,,,,,156.8404604
1810,0.3905,23.8494873,92,3725,,,,,,,,156.1878439
1813,0.3795,24.83606339,90,3888,,,,,,,,156.5465484
1815,0.5,21.21353149,100,3320,,,,,,,,156.5038806
1819,0.4245,23.66113663,92,3669,,,,,,,,155.0644019
1820,0.3795,25.30503273,92,3946,,,,,,,,155.9373601
1821,0.3485,26.48735046,90,4138,,,,,,,,156.2255163
1825,0.3995,23.28777313,94,3638,,,,,,,,156.2193164
1829,0.403,24.57475662,94,3843,,,,,,,,156.3799821
1830,0.3755,25.7294178,92,4015,,,,,,,,156.0470599
1831,0.5055,20.74432373,92,3272,,,,,,,,157.7298948
1832,0.36,25.79927444,90,4049,,,,,,,,156.9423981
1836,0.407,24.1420269,92,3754,,,,,,,,155.4964716
1837,0.3465,26.27110481,90,4067,,,,,,,,154.8088681
1841,0.4135,23.58150482,90,3678,,,,,,,,155.9696901
1843,0.3615,25.62332153,90,3932,,,,,,,,153.4539539
1844,0.426,23.89645576,94,3730,,,,,,,,156.0900929
1846,0.359,25.52294731,94,4111,,,,,,,,161.0707396
1848,0.394,23.66542816,98,3872,,,,,,,,163.6141959
1849,0.4485,22.25971222,92,3614,,,,,,,,162.3560972
1850,0.403,24.04499054,92,3817,,,,,,,,158.7440841
1851,0.372,24.89900589,92,4000,,,,,,,,160.648984
1852,0.459,21.30556107,102,3373,,,,,,,,158.315474
1853,0.3685,25.74110031,94,4072,,,,,,,,158.190596
1856,0.36,25.78854561,92,4080,,,,,,,,158.2097751
1858,0.4305,22.84932137,94,3654,,,,,,,,159.9172221
1859,0.3815,25.01583099,96,3976,,,,,,,,158.9393533
1860,0.324,27.37474442,90,4326,,,,,,,,158.0288727
1861,0.415,24.27744865,90,3756,,,,,,,,154.7114795
1862,0.442,22.95064926,96,3657,,,,,,,,159.3418974
1863,0.3745,25.12550354,90,3979,,,,,,,,158.3649853
1867,0.406,23.84138107,102,3789,,,,,,,,158.9253571
1869,0.4665,21.06690407,98,3367,,,,,,,,159.8241483
1870,0.3965,24.09243584,92,3831,,,,,,,,159.0125642
1872,0.3995,24.55353737,90,3886,,,,,,,,158.2664014
1874,0.4025,24.20496941,92,3862,,,,,,,,159.5540128
1875,0.451,22.40419388,98,3540,,,,,,,,158.0061313
1876,0.409,24.16133881,90,3682,,,,,,,,152.3922175
1877,0.473,22.0310688,98,3380,,,,,,,,153.4197015
1878,0.422,22.55225182,90,3496,,,,,,,,155.0177795
1879,0.345,27.62770653,94,4277,,,,,,,,154.8083622
1880,0.4215,23.40388298,94,3660,,,,,,,,156.3843061
1881,0.4425,23.0858326,96,3615,,,,,,,,156.589544
1883,0.405,24.16157722,92,3768,,,,,,,,155.9500841
1886,0.365,25.82406998,94,4022,,,,,,,,155.7461703
1887,0.36,26.61633492,90,4095,,,,,,,,153.8528882
1888,0.398,24.56974983,96,3792,,,,,,,,154.3361258
1890,0.357,26.35979652,90,4091,,,,,,,,155.1984666
1891,0.3685,26.56507492,102,4131,,,,,,,,155.5049256
1892,0.447,22.08828926,92,3403,,,,,,,,154.0635384
1893,0.3605,25.81501007,90,4021,,,,,,,,155.762093
1896,0.409,23.85449409,92,3735,,,,,,,,156.5742701
1897,0.417,24.12223816,90,3724,,,,,,,,154.3803678
1901,0.422,24.10531044,96,3769,,,,,,,,156.3555885
1904,0.397,24.2729187,96,3804,,,,,,,,156.7178652
1905,0.3855,24.93691444,92,3881,,,,,,,,155.6327271
1909,0.368,25.72345734,92,4006,,,,,,,,155.7333428
1910,0.443,19.8237896,90,3078,,,,,,,,155.2679917
1912,0.4105,23.3092308,96,3638,,,,,,,,156.0755064
1914,0.404,23.91648293,90,3718,,,,,,,,155.4576403
1920,0.3955,24.91664886,90,3930,,,,,,,,157.7258652
1922,0.361,26.1220932,96,4090,,,,,,,,156.572445
1924,0.406,25.20108223,96,3954,,,,,,,,156.8980238
1925,0.45,22.6225853,96,3548,,,,,,,,156.834418
1927,0.428,23.31995964,96,3651,,,,,,,,156.5611629
1929,0.402,24.30033684,90,3798,,,,,,,,156.2941298
1931,0.385,25.05326271,92,3952,,,,,,,,157.7439252
1932,0.4435,23.31662178,94,3653,,,,,,,,156.6693509
1935,0.415,23.94390106,100,3717,,,,,,,,155.2378616
1937,0.3555,26.44181252,92,4129,,,,,,,,156.154197
1938,0.4365,22.92704582,94,3612,,,,,,,,157.5431928
1944,0.3875,24.63889122,98,3851,,,,,,,,156.2976177
1946,0.412,23.38027954,92,3676,,,,,,,,157.2265205
1950,0.416,22.71032333,96,3519,,,,,,,,154.9515588
1952,0.376,25.20108223,90,3919,,,,,,,,155.5091946
1953,0.4395,23.24819565,90,3609,,,,,,,,155.2378539
1954,0.463,21.96264267,92,3448,,,,,,,,156.9938578
1955,0.4305,23.47159386,102,3676,,,,,,,,156.6148435
1956,0.3575,25.49624443,92,3959,,,,,,,,155.2777708
1958,0.396,24.85132217,92,3898,,,,,,,,156.8528215
1959,0.3815,25.43282509,90,3991,,,,,,,,156.9231883
1962,0.3545,24.83129501,90,3879,,,,,,,,156.2141644
1963,0.4035,24.21426773,96,3799,,,,,,,,156.890972
1965,0.3445,27.20594406,94,4221,,,,,,,,155.1499184
1967,0.368,25.34866333,100,4000,,,,,,,,157.7992476
1968,0.414,24.38092232,100,3814,,,,,,,,156.4337866
1969,0.3545,25.82335472,92,4038,,,,,,,,156.3700783
1970,0.399,24.3370533,98,3806,,,,,,,,156.3870512
1971,0.419,24.07574654,90,3729,,,,,,,,154.8861629
1972,0.3815,25.30097961,90,3957,,,,,,,,156.3971064
1974,0.345,27.25219727,90,4221,,,,,,,,154.8865935
1975,0.413,25.25305748,92,3822,,,,,,,,151.3480102
1977,0.408,24.08909798,90,3759,,,,,,,,156.0456935
1978,0.374,25.05326271,90,3883,,,,,,,,154.9897929
1983,0.4125,22.66812325,90,3539,,,,,,,,156.1223204
1984,0.353,26.1592865,90,4084,,,,,,,,156.1204661
1985,0.403,24.95455742,96,3873,,,,,,,,155.2021114
1986,0.393,24.81198311,90,3871,,,,,,,,156.0133256
1988,0.344,26.62849426,94,4147,,,,,,,,155.7354299
1992,0.434,22.76659012,90,3582,,,,,,,,157.3358145
1994,0.3625,25.73800087,92,4021,,,,,,,,156.2281399
1995,0.3735,25.27284622,94,3932,,,,,,,,155.5820016
1996,0.417,20.43700218,90,3210,,,,,,,,157.0680461
2000,0.352,26.17430687,90,4054,,,,,,,,154.8847127
