Seed,Density,Execution ,Path Length,Visited,,,,,,,,Computational,time mean,time median,op mean,op median,time stdv,op stdv,,,Execution Time
1,0.4595,299.7496128,23,63,,,,,,,,21.01754174,36224.1517,36583.16135,4399.525956,5.205965407,8780.285112,66109.33801,29974.96128,,2.997496128
4,0.379,366.5986061,0,47,,,,,,,,12.82056157,,,,,,,36659.86061,,3.665986061
7,0.3715,373.2028008,23,78,,,,,,,,20.90016469,,,,,,,37320.28008,,3.732028008
9,0.4205,398.4761238,0,98,,,,,,,,24.59369436,,,,,,,39847.61238,,3.984761238
11,0.391,314.0659332,0,7,,,,,,,,2.228831357,,,,,,,31406.59332,,3.140659332
13,0.3815,116.9483662,22,48,,,,,,,,41.04375423,,,,,,,11694.83662,,1.169483662
15,0.4105,344.8607922,17,89,,,,,,,,25.8075148,,,,,,,34486.07922,,3.448607922
16,0.3495,307.2934151,0,7,,,,,,,,2.277953141,,,,,,,30729.34151,,3.072934151
19,0.399,348.8395214,0,56,,,,,,,,16.05322693,,,,,,,34883.95214,,3.488395214
20,0.392,402.3144245,0,96,,,,,,,,23.86193339,,,,,,,40231.44245,,4.023144245
21,0.4045,386.3818645,0,106,,,,,,,,27.43399982,,,,,,,38638.18645,,3.863818645
22,0.353,307.8987598,0,79,,,,,,,,25.65778441,,,,,,,30789.87598,,3.078987598
25,0.465,436.6579056,0,77,,,,,,,,17.63394159,,,,,,,43665.79056,,4.366579056
26,0.414,420.6769466,0,75,,,,,,,,17.82840743,,,,,,,42067.69466,,4.206769466
27,0.3855,379.8048496,0,71,,,,,,,,18.6938108,,,,,,,37980.48496,,3.798048496
28,0.4405,418.4222221,0,96,,,,,,,,22.9433321,,,,,,,41842.22221,,4.184222221
30,0.3875,381.9437027,0,3,,,,,,,,0.785456071,,,,,,,38194.37027,,3.819437027
35,0.3605,268.4047222,28,75,,,,,,,,27.94287648,,,,,,,26840.47222,,2.684047222
38,0.396,291.2328243,16,76,,,,,,,,26.09595954,,,,,,,29123.28243,,2.912328243
39,0.464,349.9083519,5,73,,,,,,,,20.86260577,,,,,,,34990.83519,,3.499083519
42,0.3725,360.4872227,0,74,,,,,,,,20.52777334,,,,,,,36048.72227,,3.604872227
44,0.453,281.522274,10,88,,,,,,,,31.25862787,,,,,,,28152.2274,,2.81522274
48,0.3605,279.2198658,31,60,,,,,,,,21.48844239,,,,,,,27921.98658,,2.792198658
49,0.371,336.5387917,0,97,,,,,,,,28.82282887,,,,,,,33653.87917,,3.365387917
50,0.4995,533.3578587,0,46,,,,,,,,8.624603397,,,,,,,53335.78587,,5.333578587
51,0.389,313.847065,0,13,,,,,,,,4.142144837,,,,,,,31384.7065,,3.13847065
54,0.3945,457.2219849,0,109,,,,,,,,23.83962355,,,,,,,45722.19849,,4.572219849
55,0.428,397.8447914,29,85,,,,,,,,21.3651157,,,,,,,39784.47914,,3.978447914
57,0.371,123.711586,29,52,,,,,,,,42.03324982,,,,,,,12371.1586,,1.23711586
58,0.386,356.6355705,0,99,,,,,,,,27.75942957,,,,,,,35663.55705,,3.566355705
61,0.412,319.1571236,0,4,,,,,,,,1.253301181,,,,,,,31915.71236,,3.191571236
64,0.4815,318.5389042,30,57,,,,,,,,17.89420358,,,,,,,31853.89042,,3.185389042
67,0.3645,265.838623,5,83,,,,,,,,31.22194927,,,,,,,26583.8623,,2.65838623
68,0.517,533.1556797,0,29,,,,,,,,5.439311838,,,,,,,53315.56797,,5.331556797
69,0.5005,551.1825085,0,79,,,,,,,,14.33282058,,,,,,,55118.25085,,5.511825085
70,0.36,346.4450836,0,112,,,,,,,,32.32835601,,,,,,,34644.50836,,3.464450836
71,0.514,383.6700916,13,78,,,,,,,,20.32996622,,,,,,,38367.00916,,3.836700916
73,0.3495,309.3168736,0,79,,,,,,,,25.5401521,,,,,,,30931.68736,,3.093168736
75,0.405,242.358923,2,64,,,,,,,,26.4071152,,,,,,,24235.8923,,2.42358923
76,0.4275,376.6648769,0,48,,,,,,,,12.74342338,,,,,,,37666.48769,,3.766648769
77,0.3725,345.6320763,0,102,,,,,,,,29.51114986,,,,,,,34563.20763,,3.456320763
78,0.434,373.262167,0,5,,,,,,,,1.339541063,,,,,,,37326.2167,,3.73262167
79,0.3525,305.0920963,0,83,,,,,,,,27.2049001,,,,,,,30509.20963,,3.050920963
82,0.4895,573.1301308,0,79,,,,,,,,13.78395512,,,,,,,57313.01308,,5.731301308
84,0.33,353.5161018,0,133,,,,,,,,37.62204871,,,,,,,35351.61018,,3.535161018
85,0.4345,374.560833,23,94,,,,,,,,25.09605696,,,,,,,37456.0833,,3.74560833
86,0.3915,390.6869888,0,66,,,,,,,,16.89331918,,,,,,,39068.69888,,3.906869888
90,0.4385,304.4495583,17,75,,,,,,,,24.6346227,,,,,,,30444.95583,,3.044495583
91,0.51,464.4443989,35,57,,,,,,,,12.27272848,,,,,,,46444.43989,,4.644443989
92,0.349,280.143261,0,1,,,,,,,,0.35696022,,,,,,,28014.3261,,2.80143261
93,0.358,161.6597176,18,58,,,,,,,,35.87783083,,,,,,,16165.97176,,1.616597176
94,0.42,479.3407917,0,120,,,,,,,,25.03438098,,,,,,,47934.07917,,4.793407917
95,0.372,341.3090706,0,105,,,,,,,,30.76390552,,,,,,,34130.90706,,3.413090706
96,0.45,450.2727985,0,58,,,,,,,,12.88108013,,,,,,,45027.27985,,4.502727985
99,0.408,418.2724953,0,61,,,,,,,,14.58379422,,,,,,,41827.24953,,4.182724953
100,0.436,419.3732738,0,82,,,,,,,,19.55298659,,,,,,,41937.32738,,4.193732738
101,0.387,347.1786976,0,82,,,,,,,,23.61896066,,,,,,,34717.86976,,3.471786976
102,0.3895,346.0018635,0,89,,,,,,,,25.72240482,,,,,,,34600.18635,,3.460018635
103,0.332,328.130722,0,94,,,,,,,,28.64711949,,,,,,,32813.0722,,3.28130722
104,0.3475,256.2718391,29,107,,,,,,,,41.75253917,,,,,,,25627.18391,,2.562718391
106,0.392,444.817543,0,128,,,,,,,,28.77584349,,,,,,,44481.7543,,4.44817543
107,0.3575,296.933651,0,30,,,,,,,,10.10326714,,,,,,,29693.3651,,2.96933651
108,0.3975,409.0895653,0,85,,,,,,,,20.77784603,,,,,,,40908.95653,,4.090895653
113,0.3705,297.475338,0,4,,,,,,,,1.344649283,,,,,,,29747.5338,,2.97475338
115,0.4095,248.026371,29,58,,,,,,,,23.38461018,,,,,,,24802.6371,,2.48026371
117,0.396,408.6680412,0,81,,,,,,,,19.82048798,,,,,,,40866.80412,,4.086680412
120,0.528,178.3230305,28,47,,,,,,,,26.35666289,,,,,,,17832.30305,,1.783230305
122,0.4465,368.6244488,8,58,,,,,,,,15.7341707,,,,,,,36862.44488,,3.686244488
123,0.5375,545.3970432,0,91,,,,,,,,16.68509229,,,,,,,54539.70432,,5.453970432
126,0.39,351.4389992,0,77,,,,,,,,21.90991898,,,,,,,35143.89992,,3.514389992
127,0.3865,353.3000946,0,38,,,,,,,,10.75572879,,,,,,,35330.00946,,3.533000946
129,0.419,370.0990677,0,33,,,,,,,,8.916531513,,,,,,,37009.90677,,3.700990677
130,0.3865,419.0642834,0,121,,,,,,,,28.87385177,,,,,,,41906.42834,,4.190642834
132,0.414,375.86236,0,68,,,,,,,,18.09172911,,,,,,,37586.236,,3.7586236
135,0.3595,381.7486763,0,113,,,,,,,,29.60062654,,,,,,,38174.86763,,3.817486763
137,0.3655,378.4780502,0,91,,,,,,,,24.04366646,,,,,,,37847.80502,,3.784780502
138,0.457,316.1399364,17,66,,,,,,,,20.87683092,,,,,,,31613.99364,,3.161399364
140,0.4105,433.1490993,0,34,,,,,,,,7.8494911,,,,,,,43314.90993,,4.331490993
142,0.379,221.3494778,10,61,,,,,,,,27.55823082,,,,,,,22134.94778,,2.213494778
143,0.578,582.1382999,0,91,,,,,,,,15.63202421,,,,,,,58213.82999,,5.821382999
147,0.394,389.9691105,19,113,,,,,,,,28.97665404,,,,,,,38996.91105,,3.899691105
148,0.3685,339.9226665,0,97,,,,,,,,28.5359023,,,,,,,33992.26665,,3.399226665
149,0.388,343.1041241,18,57,,,,,,,,16.6130326,,,,,,,34310.41241,,3.431041241
151,0.388,377.2449493,0,59,,,,,,,,15.63970574,,,,,,,37724.49493,,3.772449493
153,0.4605,418.7569618,0,68,,,,,,,,16.238536,,,,,,,41875.69618,,4.187569618
154,0.388,363.7022972,0,55,,,,,,,,15.12225807,,,,,,,36370.22972,,3.637022972
155,0.513,433.7925911,0,36,,,,,,,,8.298896924,,,,,,,43379.25911,,4.337925911
156,0.381,392.7202225,0,79,,,,,,,,20.11610186,,,,,,,39272.02225,,3.927202225
158,0.44,400.1202583,0,75,,,,,,,,18.74436459,,,,,,,40012.02583,,4.001202583
159,0.456,373.4693527,0,5,,,,,,,,1.33879794,,,,,,,37346.93527,,3.734693527
160,0.3695,390.3119564,0,85,,,,,,,,21.77745227,,,,,,,39031.19564,,3.903119564
161,0.395,258.0654621,7,79,,,,,,,,30.61238779,,,,,,,25806.54621,,2.580654621
162,0.3575,362.7548218,0,95,,,,,,,,26.18848718,,,,,,,36275.48218,,3.627548218
164,0.476,364.8517132,0,21,,,,,,,,5.755763024,,,,,,,36485.17132,,3.648517132
165,0.4505,439.2464161,0,19,,,,,,,,4.325590216,,,,,,,43924.64161,,4.392464161
166,0.377,344.2392349,0,93,,,,,,,,27.01609537,,,,,,,34423.92349,,3.442392349
168,0.4125,425.1964092,0,71,,,,,,,,16.69816547,,,,,,,42519.64092,,4.251964092
170,0.4885,444.0021515,0,83,,,,,,,,18.69360311,,,,,,,44400.21515,,4.440021515
172,0.4365,422.6036072,10,81,,,,,,,,19.16689745,,,,,,,42260.36072,,4.226036072
174,0.413,373.061657,0,52,,,,,,,,13.93871469,,,,,,,37306.1657,,3.73061657
176,0.4045,308.8846207,25,92,,,,,,,,29.78458422,,,,,,,30888.46207,,3.088846207
181,0.4505,442.4190521,0,6,,,,,,,,1.356180294,,,,,,,44241.90521,,4.424190521
184,0.4585,505.5067539,0,6,,,,,,,,1.186927762,,,,,,,50550.67539,,5.055067539
187,0.4115,352.4904251,0,50,,,,,,,,14.18478246,,,,,,,35249.04251,,3.524904251
188,0.3685,387.3291016,0,45,,,,,,,,11.6180271,,,,,,,38732.91016,,3.873291016
190,0.3475,249.0913868,30,87,,,,,,,,34.92694032,,,,,,,24909.13868,,2.490913868
191,0.388,305.1528931,23,80,,,,,,,,26.21636622,,,,,,,30515.28931,,3.051528931
192,0.3675,347.5592136,0,51,,,,,,,,14.6737586,,,,,,,34755.92136,,3.475592136
193,0.3855,391.9193745,0,81,,,,,,,,20.66751614,,,,,,,39191.93745,,3.919193745
195,0.348,368.4997559,0,102,,,,,,,,27.67980124,,,,,,,36849.97559,,3.684997559
196,0.377,337.448597,13,91,,,,,,,,26.96707019,,,,,,,33744.8597,,3.37448597
197,0.3575,340.9342766,0,53,,,,,,,,15.54551819,,,,,,,34093.42766,,3.409342766
198,0.424,273.5722065,24,64,,,,,,,,23.39418935,,,,,,,27357.22065,,2.735722065
199,0.385,379.4770241,0,82,,,,,,,,21.60868637,,,,,,,37947.70241,,3.794770241
203,0.3885,389.0216351,0,23,,,,,,,,5.912267577,,,,,,,38902.16351,,3.890216351
205,0.3275,289.3929482,16,125,,,,,,,,43.19386522,,,,,,,28939.29482,,2.893929482
208,0.3325,276.6427994,0,44,,,,,,,,15.90498654,,,,,,,27664.27994,,2.766427994
212,0.361,317.4622059,0,46,,,,,,,,14.48991381,,,,,,,31746.22059,,3.174622059
215,0.398,289.3404961,3,83,,,,,,,,28.68592579,,,,,,,28934.04961,,2.893404961
219,0.4295,345.489502,0,2,,,,,,,,0.578888791,,,,,,,34548.9502,,3.45489502
223,0.372,386.0566616,0,79,,,,,,,,20.4633174,,,,,,,38605.66616,,3.860566616
224,0.367,381.6902637,0,89,,,,,,,,23.31733567,,,,,,,38169.02637,,3.816902637
226,0.4775,418.77985,0,61,,,,,,,,14.56612585,,,,,,,41877.985,,4.1877985
227,0.3985,373.5187054,0,106,,,,,,,,28.37876617,,,,,,,37351.87054,,3.735187054
229,0.391,423.9373207,0,8,,,,,,,,1.887071416,,,,,,,42393.73207,,4.239373207
230,0.3775,370.4557419,0,63,,,,,,,,17.00608005,,,,,,,37045.57419,,3.704557419
231,0.3505,242.34128,27,79,,,,,,,,32.59865591,,,,,,,24234.128,,2.4234128
232,0.449,531.768322,33,107,,,,,,,,20.12154458,,,,,,,53176.8322,,5.31768322
234,0.3545,275.4659653,19,69,,,,,,,,25.04846649,,,,,,,27546.59653,,2.754659653
235,0.4045,266.5812969,12,66,,,,,,,,24.75792592,,,,,,,26658.12969,,2.665812969
236,0.452,508.9108944,0,92,,,,,,,,18.07782089,,,,,,,50891.08944,,5.089108944
238,0.5185,415.050745,12,67,,,,,,,,16.14260444,,,,,,,41505.0745,,4.15050745
239,0.383,407.9761505,0,88,,,,,,,,21.56988831,,,,,,,40797.61505,,4.079761505
241,0.4245,417.100668,0,46,,,,,,,,11.02851267,,,,,,,41710.0668,,4.17100668
244,0.345,288.5401249,20,95,,,,,,,,32.92436365,,,,,,,28854.01249,,2.885401249
245,0.3785,207.9250813,32,64,,,,,,,,30.78031741,,,,,,,20792.50813,,2.079250813
246,0.4125,438.9946461,0,84,,,,,,,,19.13462972,,,,,,,43899.46461,,4.389946461
249,0.3775,223.729372,10,58,,,,,,,,25.92417772,,,,,,,22372.9372,,2.23729372
250,0.378,238.2528782,28,68,,,,,,,,28.54110327,,,,,,,23825.28782,,2.382528782
252,0.379,311.0611439,34,67,,,,,,,,21.53917367,,,,,,,31106.11439,,3.110611439
254,0.3895,309.0693951,6,88,,,,,,,,28.47257004,,,,,,,30906.93951,,3.090693951
256,0.394,401.3178349,0,52,,,,,,,,12.95731101,,,,,,,40131.78349,,4.013178349
258,0.367,296.2436676,0,2,,,,,,,,0.675119916,,,,,,,29624.36676,,2.962436676
259,0.4535,423.2890606,0,94,,,,,,,,22.20704685,,,,,,,42328.90606,,4.232890606
260,0.604,496.2656498,0,17,,,,,,,,3.425584666,,,,,,,49626.56498,,4.962656498
262,0.4425,411.1485481,0,5,,,,,,,,1.216105474,,,,,,,41114.85481,,4.111485481
264,0.4035,398.4668255,0,94,,,,,,,,23.59042058,,,,,,,39846.68255,,3.984668255
265,0.382,375.20051,0,54,,,,,,,,14.39230453,,,,,,,37520.051,,3.7520051
269,0.3845,331.9551945,24,78,,,,,,,,23.49714699,,,,,,,33195.51945,,3.319551945
270,0.4295,465.5544758,0,95,,,,,,,,20.40577525,,,,,,,46555.44758,,4.655544758
271,0.358,147.3274231,9,54,,,,,,,,36.65305404,,,,,,,14732.74231,,1.473274231
272,0.404,337.8663063,2,70,,,,,,,,20.71825414,,,,,,,33786.63063,,3.378663063
274,0.3755,172.4016666,27,45,,,,,,,,26.10183584,,,,,,,17240.16666,,1.724016666
276,0.5435,515.4862404,0,65,,,,,,,,12.60945393,,,,,,,51548.62404,,5.154862404
277,0.4145,417.7236557,0,68,,,,,,,,16.27870461,,,,,,,41772.36557,,4.177236557
279,0.3565,357.6328754,0,77,,,,,,,,21.53045911,,,,,,,35763.28754,,3.576328754
281,0.389,417.6082611,0,93,,,,,,,,22.2696744,,,,,,,41760.82611,,4.176082611
283,0.441,503.1571388,0,110,,,,,,,,21.86195753,,,,,,,50315.71388,,5.031571388
288,0.408,290.6959057,16,76,,,,,,,,26.14415907,,,,,,,29069.59057,,2.906959057
289,0.3775,410.4697704,0,117,,,,,,,,28.5039261,,,,,,,41046.97704,,4.104697704
291,0.3705,372.8673458,0,90,,,,,,,,24.13727054,,,,,,,37286.73458,,3.728673458
292,0.4735,470.8309174,0,90,,,,,,,,19.11514233,,,,,,,47083.09174,,4.708309174
293,0.407,269.5448399,25,77,,,,,,,,28.5666756,,,,,,,26954.48399,,2.695448399
295,0.3515,341.8838978,0,110,,,,,,,,32.17466535,,,,,,,34188.38978,,3.418838978
297,0.384,380.1395893,23,97,,,,,,,,25.51694239,,,,,,,38013.95893,,3.801395893
298,0.359,372.5469112,0,99,,,,,,,,26.5738346,,,,,,,37254.69112,,3.725469112
299,0.4305,438.25984,0,109,,,,,,,,24.87109017,,,,,,,43825.984,,4.3825984
300,0.4,263.2079124,25,67,,,,,,,,25.45516181,,,,,,,26320.79124,,2.632079124
303,0.386,278.2506943,10,67,,,,,,,,24.07900551,,,,,,,27825.06943,,2.782506943
304,0.457,472.5074768,0,59,,,,,,,,12.4865749,,,,,,,47250.74768,,4.725074768
305,0.395,386.6467476,0,69,,,,,,,,17.84574691,,,,,,,38664.67476,,3.866467476
307,0.4255,461.7695808,0,57,,,,,,,,12.34381873,,,,,,,46176.95808,,4.617695808
309,0.4265,348.088026,0,36,,,,,,,,10.34221154,,,,,,,34808.8026,,3.48088026
311,0.4335,410.3605747,0,86,,,,,,,,20.95717895,,,,,,,41036.05747,,4.103605747
312,0.437,476.7980576,0,103,,,,,,,,21.602437,,,,,,,47679.80576,,4.767980576
319,0.4185,478.6138535,0,114,,,,,,,,23.81878401,,,,,,,47861.38535,,4.786138535
321,0.3355,297.9302406,0,71,,,,,,,,23.83108202,,,,,,,29793.02406,,2.979302406
323,0.402,394.0405846,0,80,,,,,,,,20.30247724,,,,,,,39404.05846,,3.940405846
325,0.3685,218.2590961,24,57,,,,,,,,26.11575005,,,,,,,21825.90961,,2.182590961
329,0.409,473.7386703,0,124,,,,,,,,26.17476845,,,,,,,47373.86703,,4.737386703
332,0.377,347.2738266,0,98,,,,,,,,28.21980596,,,,,,,34727.38266,,3.472738266
333,0.3565,370.7304001,0,92,,,,,,,,24.81587698,,,,,,,37073.04001,,3.707304001
334,0.404,416.759491,0,86,,,,,,,,20.63540288,,,,,,,41675.9491,,4.16759491
336,0.3705,224.6866226,8,72,,,,,,,,32.04463139,,,,,,,22468.66226,,2.246866226
337,0.4765,454.6611309,0,89,,,,,,,,19.57501839,,,,,,,45466.11309,,4.546611309
340,0.3845,364.4912243,0,19,,,,,,,,5.212745529,,,,,,,36449.12243,,3.644912243
342,0.372,392.2781944,0,77,,,,,,,,19.62892689,,,,,,,39227.81944,,3.922781944
346,0.3825,358.4420681,0,45,,,,,,,,12.55432998,,,,,,,35844.20681,,3.584420681
347,0.4135,390.1767731,0,28,,,,,,,,7.176234448,,,,,,,39017.67731,,3.901767731
348,0.5195,295.1791286,5,44,,,,,,,,14.90620296,,,,,,,29517.91286,,2.951791286
349,0.413,337.8968239,0,8,,,,,,,,2.367586622,,,,,,,33789.68239,,3.378968239
350,0.3765,371.4232445,0,61,,,,,,,,16.42331246,,,,,,,37142.32445,,3.714232445
351,0.4485,408.9417458,0,52,,,,,,,,12.71574754,,,,,,,40894.17458,,4.089417458
352,0.423,460.6833458,0,87,,,,,,,,18.88498918,,,,,,,46068.33458,,4.606833458
354,0.3635,165.6110287,14,60,,,,,,,,36.22947123,,,,,,,16561.10287,,1.656110287
357,0.3805,383.9070797,0,14,,,,,,,,3.646715765,,,,,,,38390.70797,,3.839070797
359,0.4155,394.8249817,0,96,,,,,,,,24.31457087,,,,,,,39482.49817,,3.948249817
362,0.3925,373.5570908,0,27,,,,,,,,7.227810866,,,,,,,37355.70908,,3.735570908
363,0.4285,236.9451523,16,57,,,,,,,,24.05620011,,,,,,,23694.51523,,2.369451523
364,0.4465,386.7053986,0,6,,,,,,,,1.551568719,,,,,,,38670.53986,,3.867053986
368,0.557,528.2161236,0,58,,,,,,,,10.98035395,,,,,,,52821.61236,,5.282161236
371,0.522,499.8509884,0,96,,,,,,,,19.20572375,,,,,,,49985.09884,,4.998509884
372,0.3585,242.9647446,29,61,,,,,,,,25.10652321,,,,,,,24296.47446,,2.429647446
375,0.3775,349.668026,0,3,,,,,,,,0.857956627,,,,,,,34966.8026,,3.49668026
376,0.3765,316.1833286,0,54,,,,,,,,17.07869932,,,,,,,31618.33286,,3.161833286
378,0.3725,224.0278721,5,65,,,,,,,,29.01424693,,,,,,,22402.78721,,2.240278721
379,0.3695,352.604866,29,104,,,,,,,,29.49477163,,,,,,,35260.4866,,3.52604866
380,0.456,474.0738869,0,59,,,,,,,,12.44531741,,,,,,,47407.38869,,4.740738869
382,0.3395,169.4016457,28,75,,,,,,,,44.2734778,,,,,,,16940.16457,,1.694016457
384,0.492,182.710886,27,43,,,,,,,,23.53444885,,,,,,,18271.0886,,1.82710886
385,0.372,404.22225,0,107,,,,,,,,26.47058642,,,,,,,40422.225,,4.0422225
387,0.371,388.7822628,0,90,,,,,,,,23.14920422,,,,,,,38878.22628,,3.887822628
390,0.435,427.1771908,0,22,,,,,,,,5.150087709,,,,,,,42717.71908,,4.271771908
392,0.428,488.9874458,0,101,,,,,,,,20.65492701,,,,,,,48898.74458,,4.889874458
393,0.4595,398.4205723,0,48,,,,,,,,12.04757067,,,,,,,39842.05723,,3.984205723
394,0.4275,373.7435341,0,9,,,,,,,,2.408068416,,,,,,,37374.35341,,3.737435341
395,0.361,355.3051949,0,76,,,,,,,,21.39006158,,,,,,,35530.51949,,3.553051949
397,0.3735,407.0293903,26,118,,,,,,,,28.99053553,,,,,,,40702.93903,,4.070293903
398,0.3575,338.8683796,0,83,,,,,,,,24.49328559,,,,,,,33886.83796,,3.388683796
399,0.4215,392.4078941,0,96,,,,,,,,24.46433964,,,,,,,39240.78941,,3.924078941
400,0.3645,333.4541321,0,102,,,,,,,,30.58891469,,,,,,,33345.41321,,3.334541321
403,0.3815,214.1430378,25,66,,,,,,,,30.82052103,,,,,,,21414.30378,,2.141430378
404,0.4195,442.2392845,0,80,,,,,,,,18.0897543,,,,,,,44223.92845,,4.422392845
406,0.368,355.6842804,17,116,,,,,,,,32.61319276,,,,,,,35568.42804,,3.556842804
408,0.4795,430.6151867,0,60,,,,,,,,13.9335541,,,,,,,43061.51867,,4.306151867
409,0.446,376.101017,0,36,,,,,,,,9.571896478,,,,,,,37610.1017,,3.76101017
410,0.4125,348.7067223,0,55,,,,,,,,15.7725666,,,,,,,34870.67223,,3.487067223
411,0.485,497.7974892,0,37,,,,,,,,7.432741386,,,,,,,49779.74892,,4.977974892
412,0.483,497.8404045,0,105,,,,,,,,21.09109647,,,,,,,49784.04045,,4.978404045
414,0.4285,273.0166912,31,69,,,,,,,,25.27318007,,,,,,,27301.66912,,2.730166912
416,0.4485,480.2503586,0,29,,,,,,,,6.038517094,,,,,,,48025.03586,,4.802503586
419,0.53,461.3604546,0,41,,,,,,,,8.886760794,,,,,,,46136.04546,,4.613604546
420,0.417,369.3490028,9,77,,,,,,,,20.84749097,,,,,,,36934.90028,,3.693490028
422,0.36,337.1107578,0,48,,,,,,,,14.2386438,,,,,,,33711.07578,,3.371107578
425,0.355,362.8120422,0,102,,,,,,,,28.11373056,,,,,,,36281.20422,,3.628120422
430,0.4235,388.9889717,0,83,,,,,,,,21.33736585,,,,,,,38898.89717,,3.889889717
437,0.3995,267.0514584,30,86,,,,,,,,32.2035313,,,,,,,26705.14584,,2.670514584
440,0.4145,479.809761,0,106,,,,,,,,22.09208912,,,,,,,47980.9761,,4.79809761
443,0.402,365.5350208,0,71,,,,,,,,19.4235835,,,,,,,36553.50208,,3.655350208
446,0.3835,432.7304363,0,124,,,,,,,,28.65525269,,,,,,,43273.04363,,4.327304363
447,0.4165,421.8988419,0,73,,,,,,,,17.30272586,,,,,,,42189.88419,,4.218988419
448,0.399,335.0360394,0,49,,,,,,,,14.62529228,,,,,,,33503.60394,,3.350360394
450,0.3945,394.3452835,0,80,,,,,,,,20.28679012,,,,,,,39434.52835,,3.943452835
451,0.3885,462.0161057,0,12,,,,,,,,2.597312053,,,,,,,46201.61057,,4.620161057
452,0.3815,283.7338448,29,75,,,,,,,,26.43322303,,,,,,,28373.38448,,2.837338448
454,0.3985,357.4674129,0,64,,,,,,,,17.90372988,,,,,,,35746.74129,,3.574674129
455,0.453,476.6471386,0,46,,,,,,,,9.650745022,,,,,,,47664.71386,,4.766471386
456,0.4095,459.7890377,0,126,,,,,,,,27.40387214,,,,,,,45978.90377,,4.597890377
457,0.417,434.1959953,0,13,,,,,,,,2.994039591,,,,,,,43419.59953,,4.341959953
458,0.4065,353.0523777,28,111,,,,,,,,31.44009416,,,,,,,35305.23777,,3.530523777
461,0.4045,361.1390591,28,91,,,,,,,,25.19804981,,,,,,,36113.90591,,3.611390591
462,0.4405,419.4922447,0,99,,,,,,,,23.59995953,,,,,,,41949.22447,,4.194922447
463,0.5945,685.1775646,0,67,,,,,,,,9.778487134,,,,,,,68517.75646,,6.851775646
469,0.4185,479.6748161,0,117,,,,,,,,24.39152444,,,,,,,47967.48161,,4.796748161
474,0.372,346.4653492,27,86,,,,,,,,24.82210709,,,,,,,34646.53492,,3.464653492
475,0.527,507.1773529,0,15,,,,,,,,2.957545307,,,,,,,50717.73529,,5.071773529
476,0.3955,428.8611412,0,103,,,,,,,,24.01709787,,,,,,,42886.11412,,4.288611412
477,0.439,437.3738766,0,46,,,,,,,,10.51731767,,,,,,,43737.38766,,4.373738766
478,0.401,349.1823673,0,50,,,,,,,,14.31916519,,,,,,,34918.23673,,3.491823673
479,0.381,240.5042648,17,65,,,,,,,,27.02654776,,,,,,,24050.42648,,2.405042648
480,0.338,311.6800785,0,98,,,,,,,,31.44249721,,,,,,,31168.00785,,3.116800785
482,0.395,452.6174068,0,123,,,,,,,,27.17526948,,,,,,,45261.74068,,4.526174068
483,0.37,338.4280205,0,10,,,,,,,,2.954838073,,,,,,,33842.80205,,3.384280205
484,0.4,317.199707,17,77,,,,,,,,24.27492785,,,,,,,31719.9707,,3.17199707
485,0.421,448.4963417,0,99,,,,,,,,22.07375865,,,,,,,44849.63417,,4.484963417
486,0.428,177.0629883,10,46,,,,,,,,25.97945536,,,,,,,17706.29883,,1.770629883
488,0.554,545.678854,0,92,,,,,,,,16.8597334,,,,,,,54567.8854,,5.45678854
489,0.3585,159.1691971,27,46,,,,,,,,28.90006411,,,,,,,15916.91971,,1.591691971
491,0.348,301.1775017,0,26,,,,,,,,8.632782945,,,,,,,30117.75017,,3.011775017
494,0.3885,423.1374264,0,100,,,,,,,,23.63298393,,,,,,,42313.74264,,4.231374264
497,0.393,406.7876339,0,84,,,,,,,,20.64959527,,,,,,,40678.76339,,4.067876339
499,0.419,423.6519337,28,100,,,,,,,,23.60428268,,,,,,,42365.19337,,4.236519337
500,0.369,383.0680847,0,68,,,,,,,,17.75141358,,,,,,,38306.80847,,3.830680847
501,0.4175,449.6428967,0,101,,,,,,,,22.46226967,,,,,,,44964.28967,,4.496428967
502,0.525,250.8378029,8,41,,,,,,,,16.3452237,,,,,,,25083.78029,,2.508378029
503,0.339,301.8975258,0,102,,,,,,,,33.78629875,,,,,,,30189.75258,,3.018975258
504,0.439,485.2664471,0,95,,,,,,,,19.57687381,,,,,,,48526.64471,,4.852664471
505,0.361,189.9654865,11,65,,,,,,,,34.21674179,,,,,,,18996.54865,,1.899654865
507,0.407,422.2335815,0,88,,,,,,,,20.84154455,,,,,,,42223.35815,,4.222335815
508,0.352,367.944479,0,112,,,,,,,,30.43937507,,,,,,,36794.4479,,3.67944479
509,0.3675,165.1911736,29,56,,,,,,,,33.90011632,,,,,,,16519.11736,,1.651911736
510,0.3845,366.3771152,0,29,,,,,,,,7.915341542,,,,,,,36637.71152,,3.663771152
511,0.415,400.5424976,0,15,,,,,,,,3.744920973,,,,,,,40054.24976,,4.005424976
513,0.389,358.3321571,0,5,,,,,,,,1.395353417,,,,,,,35833.21571,,3.583321571
517,0.3445,328.9780617,0,51,,,,,,,,15.50255349,,,,,,,32897.80617,,3.289780617
519,0.403,267.4984932,19,64,,,,,,,,23.92536841,,,,,,,26749.84932,,2.674984932
521,0.3945,332.347393,5,72,,,,,,,,21.66407847,,,,,,,33234.7393,,3.32347393
523,0.3625,352.8313637,0,67,,,,,,,,18.98924157,,,,,,,35283.13637,,3.528313637
524,0.363,360.0826263,31,101,,,,,,,,28.04911779,,,,,,,36008.26263,,3.600826263
526,0.4305,448.1134415,0,51,,,,,,,,11.38104669,,,,,,,44811.34415,,4.481134415
528,0.4375,382.673502,0,55,,,,,,,,14.37256557,,,,,,,38267.3502,,3.82673502
530,0.3675,317.8246021,25,90,,,,,,,,28.31750576,,,,,,,31782.46021,,3.178246021
532,0.417,390.0313377,7,89,,,,,,,,22.81867927,,,,,,,39003.13377,,3.900313377
533,0.3775,341.4092064,0,46,,,,,,,,13.47356754,,,,,,,34140.92064,,3.414092064
534,0.46,427.3855686,0,82,,,,,,,,19.18642229,,,,,,,42738.55686,,4.273855686
535,0.4535,455.4533958,29,77,,,,,,,,16.9062303,,,,,,,45545.33958,,4.554533958
536,0.4925,588.2480145,0,95,,,,,,,,16.14965077,,,,,,,58824.80145,,5.882480145
538,0.3825,285.1178646,27,81,,,,,,,,28.40930368,,,,,,,28511.78646,,2.851178646
540,0.491,296.4496613,26,59,,,,,,,,19.90219848,,,,,,,29644.96613,,2.964496613
544,0.521,505.3219795,0,71,,,,,,,,14.05044761,,,,,,,50532.19795,,5.053219795
545,0.371,389.4433975,0,44,,,,,,,,11.29817588,,,,,,,38944.33975,,3.894433975
546,0.588,504.026413,17,63,,,,,,,,12.49934495,,,,,,,50402.6413,,5.04026413
549,0.394,375.1034737,0,22,,,,,,,,5.865048325,,,,,,,37510.34737,,3.751034737
551,0.3795,348.1688499,0,9,,,,,,,,2.584952675,,,,,,,34816.88499,,3.481688499
552,0.3555,350.3992558,10,94,,,,,,,,26.82654099,,,,,,,35039.92558,,3.503992558
553,0.466,525.1615047,0,91,,,,,,,,17.32800275,,,,,,,52516.15047,,5.251615047
554,0.4375,399.0700245,0,78,,,,,,,,19.54544196,,,,,,,39907.00245,,3.990700245
555,0.4375,465.2118683,0,98,,,,,,,,21.06567065,,,,,,,46521.18683,,4.652118683
557,0.3725,391.0427094,0,107,,,,,,,,27.36274004,,,,,,,39104.27094,,3.910427094
558,0.4525,493.2687283,0,66,,,,,,,,13.38013059,,,,,,,49326.87283,,4.932687283
561,0.4375,326.9481659,18,73,,,,,,,,22.32769828,,,,,,,32694.81659,,3.269481659
562,0.341,327.3000717,0,63,,,,,,,,19.24839175,,,,,,,32730.00717,,3.273000717
563,0.6465,597.1465111,0,22,,,,,,,,3.684187983,,,,,,,59714.65111,,5.971465111
564,0.4075,387.0413303,0,93,,,,,,,,24.0284416,,,,,,,38704.13303,,3.870413303
565,0.364,327.5809288,0,92,,,,,,,,28.08466303,,,,,,,32758.09288,,3.275809288
566,0.375,390.6033039,0,47,,,,,,,,12.03266832,,,,,,,39060.33039,,3.906033039
567,0.39,419.4407463,0,68,,,,,,,,16.21206347,,,,,,,41944.07463,,4.194407463
568,0.5555,516.7071819,0,28,,,,,,,,5.418929905,,,,,,,51670.71819,,5.167071819
569,0.38,426.484108,0,101,,,,,,,,23.68200787,,,,,,,42648.4108,,4.26484108
573,0.469,523.9610672,0,30,,,,,,,,5.725616249,,,,,,,52396.10672,,5.239610672
574,0.3635,377.3794174,0,108,,,,,,,,28.61841293,,,,,,,37737.94174,,3.773794174
575,0.4385,422.8627682,0,84,,,,,,,,19.8646006,,,,,,,42286.27682,,4.228627682
576,0.375,383.4166527,0,60,,,,,,,,15.64877258,,,,,,,38341.66527,,3.834166527
577,0.436,403.8815498,30,67,,,,,,,,16.58902221,,,,,,,40388.15498,,4.038815498
579,0.451,459.4635963,0,118,,,,,,,,25.68212171,,,,,,,45946.35963,,4.594635963
584,0.359,337.6874924,0,85,,,,,,,,25.17120175,,,,,,,33768.74924,,3.376874924
585,0.438,473.5589027,0,53,,,,,,,,11.19184957,,,,,,,47355.89027,,4.735589027
586,0.36,320.8668232,24,98,,,,,,,,30.54226642,,,,,,,32086.68232,,3.208668232
588,0.387,335.2921009,0,49,,,,,,,,14.61412299,,,,,,,33529.21009,,3.352921009
591,0.4185,419.4273949,0,114,,,,,,,,27.17991275,,,,,,,41942.73949,,4.194273949
594,0.4505,389.2056942,0,62,,,,,,,,15.92987999,,,,,,,38920.56942,,3.892056942
596,0.3555,391.2556171,0,128,,,,,,,,32.71518527,,,,,,,39125.56171,,3.912556171
598,0.4115,344.039917,25,65,,,,,,,,18.89315652,,,,,,,34403.9917,,3.44039917
599,0.418,451.253891,0,87,,,,,,,,19.27961215,,,,,,,45125.3891,,4.51253891
601,0.3865,377.7883053,0,97,,,,,,,,25.67575508,,,,,,,37778.83053,,3.777883053
602,0.428,452.2254467,0,71,,,,,,,,15.70013375,,,,,,,45222.54467,,4.522254467
603,0.424,446.0687637,0,59,,,,,,,,13.22666028,,,,,,,44606.87637,,4.460687637
605,0.3645,295.6411839,0,3,,,,,,,,1.014743603,,,,,,,29564.11839,,2.956411839
606,0.382,383.2406998,11,71,,,,,,,,18.52621604,,,,,,,38324.06998,,3.832406998
609,0.3885,376.7318726,0,126,,,,,,,,33.44553757,,,,,,,37673.18726,,3.767318726
611,0.447,346.5158939,19,87,,,,,,,,25.10707345,,,,,,,34651.58939,,3.465158939
612,0.376,337.1036053,0,60,,,,,,,,17.79868238,,,,,,,33710.36053,,3.371036053
614,0.4615,496.4721203,0,79,,,,,,,,15.91227317,,,,,,,49647.21203,,4.964721203
618,0.3935,404.0462971,0,87,,,,,,,,21.53218595,,,,,,,40404.62971,,4.040462971
622,0.385,315.032959,0,5,,,,,,,,1.587135523,,,,,,,31503.2959,,3.15032959
623,0.401,346.5313911,0,69,,,,,,,,19.91161602,,,,,,,34653.13911,,3.465313911
626,0.4235,417.8190231,0,57,,,,,,,,13.64227018,,,,,,,41781.90231,,4.178190231
627,0.424,432.4271679,0,42,,,,,,,,9.712618244,,,,,,,43242.71679,,4.324271679
630,0.4445,442.6386356,0,92,,,,,,,,20.78444867,,,,,,,44263.86356,,4.426386356
631,0.397,335.8523846,0,22,,,,,,,,6.550496888,,,,,,,33585.23846,,3.358523846
632,0.421,404.4251442,0,109,,,,,,,,26.9518356,,,,,,,40442.51442,,4.044251442
635,0.3385,313.6181831,0,102,,,,,,,,32.52362443,,,,,,,31361.81831,,3.136181831
636,0.36,229.2461395,7,62,,,,,,,,27.04516645,,,,,,,22924.61395,,2.292461395
638,0.4745,414.7634506,0,33,,,,,,,,7.956342333,,,,,,,41476.34506,,4.147634506
642,0.3545,243.7074184,32,63,,,,,,,,25.8506698,,,,,,,24370.74184,,2.437074184
643,0.393,178.1673431,31,67,,,,,,,,37.60509577,,,,,,,17816.73431,,1.781673431
644,0.4905,467.0312405,28,80,,,,,,,,17.12947509,,,,,,,46703.12405,,4.670312405
647,0.3775,354.5851707,8,102,,,,,,,,28.7660084,,,,,,,35458.51707,,3.545851707
649,0.571,667.2985554,0,33,,,,,,,,4.945312669,,,,,,,66729.85554,,6.672985554
650,0.464,524.6558189,0,60,,,,,,,,11.43606872,,,,,,,52465.58189,,5.246558189
654,0.3515,373.3525276,0,105,,,,,,,,28.12355408,,,,,,,37335.25276,,3.733525276
655,0.3665,388.9989853,0,100,,,,,,,,25.70700793,,,,,,,38899.89853,,3.889989853
657,0.3675,223.9766121,18,69,,,,,,,,30.80678797,,,,,,,22397.66121,,2.239766121
659,0.4795,458.2538605,0,12,,,,,,,,2.618635877,,,,,,,45825.38605,,4.582538605
662,0.3445,230.0150394,21,73,,,,,,,,31.73705519,,,,,,,23001.50394,,2.300150394
663,0.3935,306.5731525,31,84,,,,,,,,27.39965953,,,,,,,30657.31525,,3.065731525
664,0.426,396.8036175,0,8,,,,,,,,2.016110652,,,,,,,39680.36175,,3.968036175
666,0.528,502.414465,0,9,,,,,,,,1.791349698,,,,,,,50241.4465,,5.02414465
668,0.3585,335.9055519,0,2,,,,,,,,0.595405461,,,,,,,33590.55519,,3.359055519
670,0.3995,385.6389523,15,85,,,,,,,,22.04134191,,,,,,,38563.89523,,3.856389523
671,0.406,332.7240944,24,67,,,,,,,,20.13680438,,,,,,,33272.40944,,3.327240944
674,0.4155,399.2714882,0,31,,,,,,,,7.76414067,,,,,,,39927.14882,,3.992714882
677,0.3895,162.4248028,25,55,,,,,,,,33.86182347,,,,,,,16242.48028,,1.624248028
678,0.3895,353.0220985,0,6,,,,,,,,1.699610315,,,,,,,35302.20985,,3.530220985
680,0.4205,312.7028942,23,100,,,,,,,,31.97923711,,,,,,,31270.28942,,3.127028942
682,0.3885,340.1446342,0,85,,,,,,,,24.98936965,,,,,,,34014.46342,,3.401446342
683,0.3895,326.1790276,19,90,,,,,,,,27.5922093,,,,,,,32617.90276,,3.261790276
684,0.531,394.1655159,13,88,,,,,,,,22.32564657,,,,,,,39416.55159,,3.941655159
685,0.479,418.1320667,0,56,,,,,,,,13.39289771,,,,,,,41813.20667,,4.181320667
688,0.3975,431.9090843,0,122,,,,,,,,28.24668534,,,,,,,43190.90843,,4.319090843
689,0.359,199.4297504,30,70,,,,,,,,35.10007903,,,,,,,19942.97504,,1.994297504
690,0.392,280.2097797,0,5,,,,,,,,1.784377407,,,,,,,28020.97797,,2.802097797
691,0.3895,389.4996643,0,62,,,,,,,,15.91785711,,,,,,,38949.96643,,3.894996643
693,0.361,347.202301,0,5,,,,,,,,1.440082622,,,,,,,34720.2301,,3.47202301
694,0.396,289.2379761,15,50,,,,,,,,17.2868033,,,,,,,28923.79761,,2.892379761
697,0.3645,159.1639519,26,47,,,,,,,,29.52929947,,,,,,,15916.39519,,1.591639519
698,0.3765,366.2705421,0,109,,,,,,,,29.75942301,,,,,,,36627.05421,,3.662705421
699,0.441,396.168232,0,75,,,,,,,,18.93135137,,,,,,,39616.8232,,3.96168232
700,0.388,339.6027088,3,81,,,,,,,,23.85139986,,,,,,,33960.27088,,3.396027088
701,0.358,269.7768211,4,108,,,,,,,,40.03309089,,,,,,,26977.68211,,2.697768211
703,0.3355,330.470562,0,23,,,,,,,,6.959772713,,,,,,,33047.0562,,3.30470562
705,0.365,318.1753159,0,71,,,,,,,,22.31474173,,,,,,,31817.53159,,3.181753159
708,0.361,395.6546783,0,118,,,,,,,,29.82398705,,,,,,,39565.46783,,3.956546783
709,0.343,271.3859081,0,15,,,,,,,,5.527184556,,,,,,,27138.59081,,2.713859081
711,0.4005,371.7679977,0,91,,,,,,,,24.47763136,,,,,,,37176.79977,,3.717679977
712,0.4045,298.8162041,18,70,,,,,,,,23.42577111,,,,,,,29881.62041,,2.988162041
713,0.428,474.694252,0,77,,,,,,,,16.22096743,,,,,,,47469.4252,,4.74694252
714,0.3895,411.532402,0,13,,,,,,,,3.158925017,,,,,,,41153.2402,,4.11532402
716,0.3965,358.8275909,0,69,,,,,,,,19.22929054,,,,,,,35882.75909,,3.588275909
717,0.55,583.0156803,0,19,,,,,,,,3.258917494,,,,,,,58301.56803,,5.830156803
719,0.408,402.3780823,0,7,,,,,,,,1.739657379,,,,,,,40237.80823,,4.023780823
720,0.48,551.1469841,0,81,,,,,,,,14.69662401,,,,,,,55114.69841,,5.511469841
726,0.4425,414.0319824,0,89,,,,,,,,21.49592393,,,,,,,41403.19824,,4.140319824
728,0.4375,454.417944,0,52,,,,,,,,11.44321009,,,,,,,45441.7944,,4.54417944
729,0.369,382.1218014,0,104,,,,,,,,27.21645287,,,,,,,38212.18014,,3.821218014
731,0.381,327.6283741,0,17,,,,,,,,5.188805776,,,,,,,32762.83741,,3.276283741
732,0.409,298.8915443,34,89,,,,,,,,29.77668713,,,,,,,29889.15443,,2.988915443
733,0.467,237.6921177,21,56,,,,,,,,23.55988938,,,,,,,23769.21177,,2.376921177
734,0.4445,411.9129181,0,88,,,,,,,,21.36373882,,,,,,,41191.29181,,4.119129181
738,0.376,403.6004543,0,105,,,,,,,,26.015828,,,,,,,40360.04543,,4.036004543
740,0.398,290.1844978,7,69,,,,,,,,23.77797592,,,,,,,29018.44978,,2.901844978
743,0.725,887.6283169,0,15,,,,,,,,1.689896516,,,,,,,88762.83169,,8.876283169
744,0.4145,365.7670021,0,41,,,,,,,,11.20932172,,,,,,,36576.70021,,3.657670021
746,0.3525,184.5567226,26,61,,,,,,,,33.05216908,,,,,,,18455.67226,,1.845567226
748,0.451,387.0003223,0,3,,,,,,,,0.775193153,,,,,,,38700.03223,,3.870003223
749,0.4315,445.5015659,0,79,,,,,,,,17.73282207,,,,,,,44550.15659,,4.455015659
750,0.362,376.9342899,0,83,,,,,,,,22.0197531,,,,,,,37693.42899,,3.769342899
751,0.3765,413.6133194,0,111,,,,,,,,26.83665994,,,,,,,41361.33194,,4.136133194
753,0.346,297.6746559,0,66,,,,,,,,22.17185733,,,,,,,29767.46559,,2.976746559
756,0.4095,400.2811909,0,15,,,,,,,,3.747365687,,,,,,,40028.11909,,4.002811909
758,0.3975,415.0910378,0,79,,,,,,,,19.03196957,,,,,,,41509.10378,,4.150910378
759,0.4025,401.4077187,0,117,,,,,,,,29.14742157,,,,,,,40140.77187,,4.014077187
761,0.519,207.187891,7,47,,,,,,,,22.6847234,,,,,,,20718.7891,,2.07187891
764,0.3305,192.4576759,13,72,,,,,,,,37.41082275,,,,,,,19245.76759,,1.924576759
765,0.367,230.9160233,12,85,,,,,,,,36.80991851,,,,,,,23091.60233,,2.309160233
767,0.3985,373.7943172,0,85,,,,,,,,22.73977856,,,,,,,37379.43172,,3.737943172
768,0.3465,314.7332668,0,68,,,,,,,,21.6055966,,,,,,,31473.32668,,3.147332668
769,0.404,392.3406601,0,49,,,,,,,,12.48914655,,,,,,,39234.06601,,3.923406601
770,0.401,357.5193882,0,88,,,,,,,,24.61404973,,,,,,,35751.93882,,3.575193882
771,0.4045,399.6386528,0,124,,,,,,,,31.02802973,,,,,,,39963.86528,,3.996386528
772,0.466,288.20467,30,77,,,,,,,,26.71712433,,,,,,,28820.467,,2.8820467
774,0.3825,314.7842884,0,1,,,,,,,,0.317677863,,,,,,,31478.42884,,3.147842884
775,0.3805,350.5189419,9,101,,,,,,,,28.81441997,,,,,,,35051.89419,,3.505189419
777,0.363,352.3037434,0,42,,,,,,,,11.921531,,,,,,,35230.37434,,3.523037434
779,0.363,338.2730484,0,81,,,,,,,,23.9451533,,,,,,,33827.30484,,3.382730484
780,0.376,336.9970322,0,47,,,,,,,,13.94671036,,,,,,,33699.70322,,3.369970322
781,0.395,362.9970551,0,90,,,,,,,,24.79358957,,,,,,,36299.70551,,3.629970551
782,0.372,333.6601257,0,103,,,,,,,,30.86973602,,,,,,,33366.01257,,3.336601257
783,0.3945,324.836731,14,108,,,,,,,,33.24747164,,,,,,,32483.6731,,3.24836731
784,0.539,441.6456223,0,20,,,,,,,,4.52851766,,,,,,,44164.56223,,4.416456223
785,0.404,382.4267387,6,91,,,,,,,,23.79540727,,,,,,,38242.67387,,3.824267387
786,0.4195,400.1843929,0,41,,,,,,,,10.24527711,,,,,,,40018.43929,,4.001843929
788,0.3295,287.7182961,0,83,,,,,,,,28.84766145,,,,,,,28771.82961,,2.877182961
789,0.3925,361.5410328,0,82,,,,,,,,22.68068976,,,,,,,36154.10328,,3.615410328
790,0.394,377.8440952,0,67,,,,,,,,17.7321813,,,,,,,37784.40952,,3.778440952
791,0.3715,127.7515888,25,59,,,,,,,,46.18337866,,,,,,,12775.15888,,1.277515888
793,0.3735,320.1339245,16,81,,,,,,,,25.30191079,,,,,,,32013.39245,,3.201339245
794,0.4605,426.8376827,0,94,,,,,,,,22.022423,,,,,,,42683.76827,,4.268376827
796,0.3815,173.9609241,3,49,,,,,,,,28.16724518,,,,,,,17396.09241,,1.739609241
797,0.3695,391.5197849,0,98,,,,,,,,25.03066353,,,,,,,39151.97849,,3.915197849
798,0.3265,168.3101654,2,65,,,,,,,,38.61917659,,,,,,,16831.01654,,1.683101654
801,0.37,341.2287235,0,99,,,,,,,,29.01279792,,,,,,,34122.87235,,3.412287235
802,0.375,279.3483734,0,7,,,,,,,,2.505831666,,,,,,,27934.83734,,2.793483734
803,0.4015,319.1547394,18,85,,,,,,,,26.63284906,,,,,,,31915.47394,,3.191547394
804,0.5655,558.880806,0,22,,,,,,,,3.93643864,,,,,,,55888.0806,,5.58880806
806,0.405,340.5230045,0,80,,,,,,,,23.49327327,,,,,,,34052.30045,,3.405230045
808,0.398,411.8075371,0,57,,,,,,,,13.84141738,,,,,,,41180.75371,,4.118075371
809,0.475,472.3873138,0,107,,,,,,,,22.65090464,,,,,,,47238.73138,,4.723873138
811,0.401,381.0970783,0,106,,,,,,,,27.81443523,,,,,,,38109.70783,,3.810970783
812,0.3455,350.1250744,0,82,,,,,,,,23.42020209,,,,,,,35012.50744,,3.501250744
813,0.381,160.5246067,19,57,,,,,,,,35.50857477,,,,,,,16052.46067,,1.605246067
814,0.368,357.426405,9,78,,,,,,,,21.82267424,,,,,,,35742.6405,,3.57426405
815,0.43,458.4476948,0,70,,,,,,,,15.26891743,,,,,,,45844.76948,,4.584476948
818,0.457,332.5684071,20,74,,,,,,,,22.25106126,,,,,,,33256.84071,,3.325684071
819,0.3595,384.4461441,0,106,,,,,,,,27.57213244,,,,,,,38444.61441,,3.844461441
822,0.3765,342.1206474,0,93,,,,,,,,27.18339297,,,,,,,34212.06474,,3.421206474
824,0.352,380.1352978,0,137,,,,,,,,36.03979972,,,,,,,38013.52978,,3.801352978
825,0.429,398.0994225,0,82,,,,,,,,20.59786962,,,,,,,39809.94225,,3.980994225
829,0.366,346.8153477,0,97,,,,,,,,27.96877377,,,,,,,34681.53477,,3.468153477
830,0.454,476.5880108,0,49,,,,,,,,10.28141684,,,,,,,47658.80108,,4.765880108
833,0.3405,310.447216,0,90,,,,,,,,28.99043553,,,,,,,31044.7216,,3.10447216
834,0.4225,363.7256622,0,63,,,,,,,,17.32074653,,,,,,,36372.56622,,3.637256622
835,0.4245,413.8247967,0,95,,,,,,,,22.95657504,,,,,,,41382.47967,,4.138247967
837,0.406,403.3372402,0,44,,,,,,,,10.90898524,,,,,,,40333.72402,,4.033372402
841,0.395,358.4239483,0,90,,,,,,,,25.1099293,,,,,,,35842.39483,,3.584239483
842,0.477,346.2057114,29,74,,,,,,,,21.37457516,,,,,,,34620.57114,,3.462057114
845,0.34,347.2967148,0,105,,,,,,,,30.23351374,,,,,,,34729.67148,,3.472967148
848,0.3805,397.6206779,0,110,,,,,,,,27.66455723,,,,,,,39762.06779,,3.976206779
849,0.4195,340.1014805,23,65,,,,,,,,19.11194268,,,,,,,34010.14805,,3.401014805
852,0.356,332.4368,30,108,,,,,,,,32.48737805,,,,,,,33243.68,,3.324368
853,0.403,373.4779358,0,86,,,,,,,,23.02679536,,,,,,,37347.79358,,3.734779358
855,0.3995,369.9007034,0,19,,,,,,,,5.136513617,,,,,,,36990.07034,,3.699007034
858,0.428,446.0327625,0,81,,,,,,,,18.16010096,,,,,,,44603.27625,,4.460327625
860,0.3875,175.8840084,30,51,,,,,,,,28.9963826,,,,,,,17588.40084,,1.758840084
862,0.3935,422.9924679,0,111,,,,,,,,26.24160202,,,,,,,42299.24679,,4.229924679
865,0.396,289.629221,28,64,,,,,,,,22.09721788,,,,,,,28962.9221,,2.89629221
868,0.387,378.2324791,0,110,,,,,,,,29.08264258,,,,,,,37823.24791,,3.782324791
869,0.402,442.8870678,0,113,,,,,,,,25.51440496,,,,,,,44288.70678,,4.428870678
870,0.379,342.0274258,0,74,,,,,,,,21.63569188,,,,,,,34202.74258,,3.420274258
871,0.3825,357.2609425,0,89,,,,,,,,24.9117632,,,,,,,35726.09425,,3.572609425
872,0.42,257.9946518,21,67,,,,,,,,25.96953058,,,,,,,25799.46518,,2.579946518
873,0.4325,385.8458996,0,55,,,,,,,,14.25439536,,,,,,,38584.58996,,3.858458996
876,0.357,411.5936756,0,140,,,,,,,,34.01412808,,,,,,,41159.36756,,4.115936756
879,0.4745,469.2630768,0,102,,,,,,,,21.73620833,,,,,,,46926.30768,,4.692630768
884,0.4695,419.8420048,13,72,,,,,,,,17.14930835,,,,,,,41984.20048,,4.198420048
885,0.3425,304.4805527,31,104,,,,,,,,34.15653285,,,,,,,30448.05527,,3.044805527
886,0.455,345.5536366,0,4,,,,,,,,1.157562698,,,,,,,34555.36366,,3.455536366
888,0.518,378.6075115,27,58,,,,,,,,15.31929458,,,,,,,37860.75115,,3.786075115
889,0.3965,379.212141,0,80,,,,,,,,21.09637096,,,,,,,37921.2141,,3.79212141
890,0.469,342.5779343,0,19,,,,,,,,5.546183247,,,,,,,34257.79343,,3.425779343
892,0.3475,169.9426174,17,62,,,,,,,,36.48290285,,,,,,,16994.26174,,1.699426174
894,0.4405,217.7841663,23,55,,,,,,,,25.2543612,,,,,,,21778.41663,,2.177841663
895,0.384,356.2984467,0,81,,,,,,,,22.73375053,,,,,,,35629.84467,,3.562984467
897,0.511,438.6851788,0,20,,,,,,,,4.559078119,,,,,,,43868.51788,,4.386851788
898,0.379,304.3875694,0,31,,,,,,,,10.18438436,,,,,,,30438.75694,,3.043875694
900,0.369,179.1315079,8,47,,,,,,,,26.2377069,,,,,,,17913.15079,,1.791315079
901,0.3915,373.5818863,0,48,,,,,,,,12.84858869,,,,,,,37358.18863,,3.735818863
904,0.4475,445.015192,0,11,,,,,,,,2.471825726,,,,,,,44501.5192,,4.45015192
910,0.377,379.8625469,0,74,,,,,,,,19.48073075,,,,,,,37986.25469,,3.798625469
911,0.3575,231.9078445,27,78,,,,,,,,33.63404984,,,,,,,23190.78445,,2.319078445
913,0.3755,344.7844982,0,29,,,,,,,,8.411051005,,,,,,,34478.44982,,3.447844982
914,0.4055,418.9143181,0,91,,,,,,,,21.72281922,,,,,,,41891.43181,,4.189143181
915,0.488,468.1026936,0,11,,,,,,,,2.349911707,,,,,,,46810.26936,,4.681026936
917,0.4295,462.505579,0,73,,,,,,,,15.78359339,,,,,,,46250.5579,,4.62505579
918,0.4235,464.2837048,0,70,,,,,,,,15.07698833,,,,,,,46428.37048,,4.642837048
919,0.4015,419.3632603,0,81,,,,,,,,19.31499673,,,,,,,41936.32603,,4.193632603
920,0.4155,359.9357605,0,7,,,,,,,,1.944791479,,,,,,,35993.57605,,3.599357605
921,0.4625,277.9393196,14,71,,,,,,,,25.54514421,,,,,,,27793.93196,,2.779393196
922,0.3765,358.7882519,0,95,,,,,,,,26.47801301,,,,,,,35878.82519,,3.587882519
924,0.3565,371.3078499,0,97,,,,,,,,26.12387538,,,,,,,37130.78499,,3.713078499
925,0.356,209.7449303,29,61,,,,,,,,29.0829437,,,,,,,20974.49303,,2.097449303
926,0.6665,282.9806805,2,43,,,,,,,,15.19538363,,,,,,,28298.06805,,2.829806805
927,0.328,258.1889629,0,13,,,,,,,,5.035071931,,,,,,,25818.89629,,2.581889629
928,0.368,361.8047237,0,117,,,,,,,,32.33788625,,,,,,,36180.47237,,3.618047237
931,0.3835,352.8504372,0,94,,,,,,,,26.64018238,,,,,,,35285.04372,,3.528504372
932,0.3665,352.9844284,0,120,,,,,,,,33.99583391,,,,,,,35298.44284,,3.529844284
934,0.3865,250.1652241,16,57,,,,,,,,22.78494151,,,,,,,25016.52241,,2.501652241
936,0.384,367.0229912,0,54,,,,,,,,14.71297474,,,,,,,36702.29912,,3.670229912
937,0.464,477.0228863,0,1,,,,,,,,0.209633548,,,,,,,47702.28863,,4.770228863
938,0.352,214.8988247,28,71,,,,,,,,33.03880331,,,,,,,21489.88247,,2.148988247
939,0.3395,319.0848827,0,107,,,,,,,,33.53339685,,,,,,,31908.48827,,3.190848827
942,0.382,379.8511028,0,110,,,,,,,,28.95871545,,,,,,,37985.11028,,3.798511028
943,0.398,441.0004616,0,100,,,,,,,,22.67571323,,,,,,,44100.04616,,4.410004616
944,0.369,402.3973942,0,119,,,,,,,,29.57275612,,,,,,,40239.73942,,4.023973942
945,0.3925,240.1173115,22,68,,,,,,,,28.31949083,,,,,,,24011.73115,,2.401173115
946,0.373,383.9030266,30,74,,,,,,,,19.27570112,,,,,,,38390.30266,,3.839030266
948,0.4635,498.3196259,0,56,,,,,,,,11.23776731,,,,,,,49831.96259,,4.983196259
950,0.365,333.4200382,0,94,,,,,,,,28.19266668,,,,,,,33342.00382,,3.334200382
954,0.534,496.237278,6,73,,,,,,,,14.71070458,,,,,,,49623.7278,,4.96237278
956,0.4035,232.6257229,24,53,,,,,,,,22.78337896,,,,,,,23262.57229,,2.326257229
958,0.431,396.064043,0,75,,,,,,,,18.93633147,,,,,,,39606.4043,,3.96064043
959,0.4375,487.5535965,0,74,,,,,,,,15.17781851,,,,,,,48755.35965,,4.875535965
960,0.3725,350.5032063,0,28,,,,,,,,7.988514655,,,,,,,35050.32063,,3.505032063
965,0.3945,192.2821999,30,51,,,,,,,,26.52351597,,,,,,,19228.21999,,1.922821999
967,0.4845,241.8620586,9,63,,,,,,,,26.04790531,,,,,,,24186.20586,,2.418620586
968,0.376,366.235733,0,92,,,,,,,,25.12043247,,,,,,,36623.5733,,3.66235733
969,0.3795,379.7938824,0,55,,,,,,,,14.48153921,,,,,,,37979.38824,,3.797938824
970,0.35,270.9329128,0,13,,,,,,,,4.798235794,,,,,,,27093.29128,,2.709329128
971,0.3645,273.7009525,0,4,,,,,,,,1.461449061,,,,,,,27370.09525,,2.737009525
974,0.411,387.3357773,0,96,,,,,,,,24.78469732,,,,,,,38733.57773,,3.873357773
975,0.361,178.2796383,23,55,,,,,,,,30.85041036,,,,,,,17827.96383,,1.782796383
977,0.421,395.2698708,0,90,,,,,,,,22.76925378,,,,,,,39526.98708,,3.952698708
978,0.3865,350.0483036,0,102,,,,,,,,29.13883568,,,,,,,35004.83036,,3.500483036
980,0.3835,369.0271378,0,64,,,,,,,,17.34289797,,,,,,,36902.71378,,3.690271378
981,0.3755,327.1183968,0,73,,,,,,,,22.31607904,,,,,,,32711.83968,,3.271183968
982,0.4395,468.2178497,0,95,,,,,,,,20.28970063,,,,,,,46821.78497,,4.682178497
985,0.3545,321.1009502,0,102,,,,,,,,31.76571104,,,,,,,32110.09502,,3.211009502
987,0.3855,395.0192928,30,92,,,,,,,,23.2900017,,,,,,,39501.92928,,3.950192928
988,0.3745,387.7639771,0,98,,,,,,,,25.27310575,,,,,,,38776.39771,,3.877639771
990,0.4875,578.0360699,0,90,,,,,,,,15.56996262,,,,,,,57803.60699,,5.780360699
991,0.359,338.4177685,0,17,,,,,,,,5.023376898,,,,,,,33841.77685,,3.384177685
992,0.382,325.7477283,19,95,,,,,,,,29.1636723,,,,,,,32574.77283,,3.257477283
997,0.354,351.6943455,0,74,,,,,,,,21.04099794,,,,,,,35169.43455,,3.516943455
1001,0.3435,202.7099133,26,63,,,,,,,,31.07889445,,,,,,,20270.99133,,2.027099133
1002,0.404,451.7836571,0,118,,,,,,,,26.11869601,,,,,,,45178.36571,,4.517836571
1003,0.374,348.2046127,0,50,,,,,,,,14.35937325,,,,,,,34820.46127,,3.482046127
1005,0.3595,310.4350567,0,92,,,,,,,,29.63582818,,,,,,,31043.50567,,3.104350567
1006,0.3895,393.6259747,0,87,,,,,,,,22.10219995,,,,,,,39362.59747,,3.936259747
1009,0.434,476.0906696,0,65,,,,,,,,13.65286156,,,,,,,47609.06696,,4.760906696
1011,0.509,559.7949028,0,70,,,,,,,,12.50457974,,,,,,,55979.49028,,5.597949028
1014,0.4175,418.708086,0,84,,,,,,,,20.06170953,,,,,,,41870.8086,,4.18708086
1015,0.387,361.4706993,0,97,,,,,,,,26.83481682,,,,,,,36147.06993,,3.614706993
1016,0.3735,363.6393547,0,123,,,,,,,,33.82472178,,,,,,,36363.93547,,3.636393547
1019,0.4805,439.7528172,0,75,,,,,,,,17.05503571,,,,,,,43975.28172,,4.397528172
1020,0.5265,503.9908886,0,90,,,,,,,,17.85746569,,,,,,,50399.08886,,5.039908886
1021,0.424,424.7260094,0,68,,,,,,,,16.01032159,,,,,,,42472.60094,,4.247260094
1022,0.376,357.9359055,26,83,,,,,,,,23.18850909,,,,,,,35793.59055,,3.579359055
1027,0.5015,503.7093163,0,4,,,,,,,,0.794108799,,,,,,,50370.93163,,5.037093163
1028,0.3835,374.8521805,0,111,,,,,,,,29.61167249,,,,,,,37485.21805,,3.748521805
1031,0.4505,441.0521984,0,104,,,,,,,,23.57997543,,,,,,,44105.21984,,4.410521984
1032,0.3465,205.4350376,31,59,,,,,,,,28.71954107,,,,,,,20543.50376,,2.054350376
1037,0.412,363.5771275,0,7,,,,,,,,1.925313632,,,,,,,36357.71275,,3.635771275
1041,0.4195,372.1823692,12,76,,,,,,,,20.42009678,,,,,,,37218.23692,,3.721823692
1042,0.3735,233.4575653,13,59,,,,,,,,25.27225876,,,,,,,23345.75653,,2.334575653
1043,0.492,538.2716656,0,66,,,,,,,,12.26146651,,,,,,,53827.16656,,5.382716656
1046,0.428,319.1943169,17,81,,,,,,,,25.37639166,,,,,,,31919.43169,,3.191943169
1047,0.475,435.3544712,0,77,,,,,,,,17.68673692,,,,,,,43535.44712,,4.353544712
1050,0.455,286.5839005,19,86,,,,,,,,30.00866408,,,,,,,28658.39005,,2.865839005
1052,0.435,377.9759407,0,37,,,,,,,,9.788982847,,,,,,,37797.59407,,3.779759407
1053,0.414,447.3180771,0,81,,,,,,,,18.1079201,,,,,,,44731.80771,,4.473180771
1054,0.351,390.3093338,0,94,,,,,,,,24.08346198,,,,,,,39030.93338,,3.903093338
1057,0.3875,387.8035545,0,67,,,,,,,,17.27678852,,,,,,,38780.35545,,3.878035545
1060,0.4365,357.8269482,0,11,,,,,,,,3.074111678,,,,,,,35782.69482,,3.578269482
1062,0.462,429.5310974,0,25,,,,,,,,5.820300358,,,,,,,42953.10974,,4.295310974
1063,0.4515,495.667696,31,68,,,,,,,,13.71886862,,,,,,,49566.7696,,4.95667696
1064,0.3735,370.9583282,0,72,,,,,,,,19.40918818,,,,,,,37095.83282,,3.709583282
1067,0.366,363.5377884,0,122,,,,,,,,33.55909726,,,,,,,36353.77884,,3.635377884
1068,0.383,174.6327877,29,57,,,,,,,,32.63991874,,,,,,,17463.27877,,1.746327877
1069,0.396,359.7857952,0,75,,,,,,,,20.84573682,,,,,,,35978.57952,,3.597857952
1070,0.428,334.6283436,18,73,,,,,,,,21.81524709,,,,,,,33462.83436,,3.346283436
1072,0.3865,351.8614769,0,74,,,,,,,,21.03100364,,,,,,,35186.14769,,3.518614769
1074,0.3515,256.7651272,32,61,,,,,,,,23.75712024,,,,,,,25676.51272,,2.567651272
1076,0.4455,470.0415134,0,48,,,,,,,,10.21186398,,,,,,,47004.15134,,4.700415134
1077,0.3935,378.9477348,0,101,,,,,,,,26.65275201,,,,,,,37894.77348,,3.789477348
1078,0.4035,456.7632675,0,117,,,,,,,,25.61501949,,,,,,,45676.32675,,4.567632675
1080,0.4085,401.5393257,0,93,,,,,,,,23.1608697,,,,,,,40153.93257,,4.015393257
1081,0.423,272.0119953,22,72,,,,,,,,26.46942092,,,,,,,27201.19953,,2.720119953
1084,0.405,252.9556751,20,77,,,,,,,,30.44011563,,,,,,,25295.56751,,2.529556751
1085,0.3865,374.9067783,0,114,,,,,,,,30.40755905,,,,,,,37490.67783,,3.749067783
1087,0.3995,289.5674706,28,61,,,,,,,,21.06590214,,,,,,,28956.74706,,2.895674706
1088,0.3985,382.9426765,0,104,,,,,,,,27.15811174,,,,,,,38294.26765,,3.829426765
1089,0.456,520.3094482,0,76,,,,,,,,14.60669228,,,,,,,52030.94482,,5.203094482
1091,0.371,205.1370144,9,55,,,,,,,,26.81134858,,,,,,,20513.70144,,2.051370144
1093,0.3785,323.2502937,0,75,,,,,,,,23.20183507,,,,,,,32325.02937,,3.232502937
1094,0.358,293.1137085,0,54,,,,,,,,18.42288451,,,,,,,29311.37085,,2.931137085
1095,0.4045,291.5270329,28,94,,,,,,,,32.24400807,,,,,,,29152.70329,,2.915270329
1098,0.3595,391.3767338,0,93,,,,,,,,23.76227097,,,,,,,39137.67338,,3.913767338
1099,0.434,442.6388741,0,90,,,,,,,,20.33260187,,,,,,,44263.88741,,4.426388741
1101,0.3945,332.0429325,27,72,,,,,,,,21.68394293,,,,,,,33204.29325,,3.320429325
1104,0.413,349.9567509,0,52,,,,,,,,14.85897896,,,,,,,34995.67509,,3.499567509
1106,0.4255,451.2255192,0,86,,,,,,,,19.05920573,,,,,,,45122.55192,,4.512255192
1107,0.416,436.8431568,0,63,,,,,,,,14.42165203,,,,,,,43684.31568,,4.368431568
1108,0.4025,354.6383381,0,75,,,,,,,,21.14830574,,,,,,,35463.83381,,3.546383381
1112,0.428,198.8089085,8,46,,,,,,,,23.13779616,,,,,,,19880.89085,,1.988089085
1115,0.4085,378.9331913,0,88,,,,,,,,23.22309104,,,,,,,37893.31913,,3.789331913
1117,0.522,346.3375568,16,59,,,,,,,,17.03540342,,,,,,,34633.75568,,3.463375568
1118,0.4005,351.9728184,9,97,,,,,,,,27.5589463,,,,,,,35197.28184,,3.519728184
1122,0.527,615.7090664,0,77,,,,,,,,12.50590647,,,,,,,61570.90664,,6.157090664
1123,0.42,339.7364616,28,60,,,,,,,,17.6607479,,,,,,,33973.64616,,3.397364616
1125,0.362,347.05019,0,97,,,,,,,,27.94984783,,,,,,,34705.019,,3.4705019
1128,0.385,329.3757439,0,33,,,,,,,,10.0189527,,,,,,,32937.57439,,3.293757439
1129,0.3745,318.7749386,16,93,,,,,,,,29.17418804,,,,,,,31877.49386,,3.187749386
1130,0.4015,432.2841167,0,80,,,,,,,,18.50634731,,,,,,,43228.41167,,4.322841167
1132,0.449,358.455658,0,4,,,,,,,,1.115898134,,,,,,,35845.5658,,3.58455658
1133,0.384,354.6366692,0,69,,,,,,,,19.45653284,,,,,,,35463.66692,,3.546366692
1134,0.425,374.9866486,0,46,,,,,,,,12.26710342,,,,,,,37498.66486,,3.749866486
1136,0.366,293.6091423,8,70,,,,,,,,23.84121947,,,,,,,29360.91423,,2.936091423
1139,0.3995,307.7566624,22,78,,,,,,,,25.34469909,,,,,,,30775.66624,,3.077566624
1140,0.3825,202.3134232,15,53,,,,,,,,26.19697653,,,,,,,20231.34232,,2.023134232
1142,0.4225,371.5555668,0,83,,,,,,,,22.33851607,,,,,,,37155.55668,,3.715555668
1144,0.399,365.1866913,0,79,,,,,,,,21.63277082,,,,,,,36518.66913,,3.651866913
1145,0.4655,414.8948193,30,78,,,,,,,,18.79994552,,,,,,,41489.48193,,4.148948193
1146,0.4305,385.7340813,0,65,,,,,,,,16.85098703,,,,,,,38573.40813,,3.857340813
1147,0.443,298.5305786,27,67,,,,,,,,22.44326203,,,,,,,29853.05786,,2.985305786
1148,0.3405,256.6275597,31,103,,,,,,,,40.13598544,,,,,,,25662.75597,,2.566275597
1153,0.433,411.1039639,0,77,,,,,,,,18.73005535,,,,,,,41110.39639,,4.111039639
1155,0.4045,384.3712807,0,104,,,,,,,,27.05717238,,,,,,,38437.12807,,3.843712807
1157,0.424,325.2518177,31,77,,,,,,,,23.67396454,,,,,,,32525.18177,,3.252518177
1158,0.4465,330.7631016,26,88,,,,,,,,26.60514416,,,,,,,33076.31016,,3.307631016
1160,0.463,440.7699108,0,38,,,,,,,,8.621278147,,,,,,,44076.99108,,4.407699108
1161,0.433,380.1147938,0,21,,,,,,,,5.524646855,,,,,,,38011.47938,,3.801147938
1164,0.3755,415.1203632,0,107,,,,,,,,25.77565677,,,,,,,41512.03632,,4.151203632
1168,0.389,352.191925,0,86,,,,,,,,24.4185042,,,,,,,35219.1925,,3.52191925
1169,0.41,457.1022987,0,119,,,,,,,,26.03355974,,,,,,,45710.22987,,4.571022987
1170,0.401,357.6505184,0,69,,,,,,,,19.29257654,,,,,,,35765.05184,,3.576505184
1172,0.5355,561.6650581,0,49,,,,,,,,8.724060593,,,,,,,56166.50581,,5.616650581
1173,0.414,462.6758099,0,111,,,,,,,,23.99088036,,,,,,,46267.58099,,4.626758099
1175,0.4035,240.2484417,29,59,,,,,,,,24.55791163,,,,,,,24024.84417,,2.402484417
1176,0.432,413.4743214,4,90,,,,,,,,21.7667689,,,,,,,41347.43214,,4.134743214
1177,0.4085,375.0343323,0,85,,,,,,,,22.66459166,,,,,,,37503.43323,,3.750343323
1178,0.3885,397.9227543,0,121,,,,,,,,30.40791176,,,,,,,39792.27543,,3.979227543
1179,0.4835,461.884737,0,32,,,,,,,,6.928135406,,,,,,,46188.4737,,4.61884737
1181,0.3895,342.1151638,0,65,,,,,,,,18.99945015,,,,,,,34211.51638,,3.421151638
1184,0.441,198.0855465,21,52,,,,,,,,26.25128432,,,,,,,19808.55465,,1.980855465
1185,0.4165,161.8897915,27,52,,,,,,,,32.12061707,,,,,,,16188.97915,,1.618897915
1186,0.4705,421.7801094,0,83,,,,,,,,19.67850028,,,,,,,42178.01094,,4.217801094
1188,0.4235,455.9342861,0,62,,,,,,,,13.59845089,,,,,,,45593.42861,,4.559342861
1189,0.3795,242.2301769,9,78,,,,,,,,32.20077738,,,,,,,24223.01769,,2.422301769
1190,0.416,454.1218281,0,84,,,,,,,,18.49723902,,,,,,,45412.18281,,4.541218281
1191,0.42,432.73592,0,71,,,,,,,,16.40723516,,,,,,,43273.592,,4.3273592
1193,0.4015,395.870924,17,112,,,,,,,,28.29205006,,,,,,,39587.0924,,3.95870924
1194,0.3805,158.5228443,26,58,,,,,,,,36.58778661,,,,,,,15852.28443,,1.585228443
1196,0.3735,337.9201889,0,2,,,,,,,,0.59185573,,,,,,,33792.01889,,3.379201889
1198,0.569,427.0069599,26,54,,,,,,,,12.6461639,,,,,,,42700.69599,,4.270069599
1199,0.371,318.0236816,0,61,,,,,,,,19.18096152,,,,,,,31802.36816,,3.180236816
1200,0.4365,443.2387352,0,8,,,,,,,,1.804896406,,,,,,,44323.87352,,4.432387352
1203,0.3825,281.8598747,18,78,,,,,,,,27.67332529,,,,,,,28185.98747,,2.818598747
1204,0.3985,347.6879597,0,70,,,,,,,,20.13299513,,,,,,,34768.79597,,3.476879597
1207,0.4565,278.6147594,29,67,,,,,,,,24.04754154,,,,,,,27861.47594,,2.786147594
1210,0.3635,320.3811646,0,10,,,,,,,,3.121282118,,,,,,,32038.11646,,3.203811646
1213,0.3355,215.395689,10,87,,,,,,,,40.39078052,,,,,,,21539.5689,,2.15395689
1214,0.403,345.3805447,0,32,,,,,,,,9.265142606,,,,,,,34538.05447,,3.453805447
1216,0.385,330.8987617,0,54,,,,,,,,16.31919072,,,,,,,33089.87617,,3.308987617
1218,0.435,432.4314594,0,87,,,,,,,,20.11879527,,,,,,,43243.14594,,4.324314594
1222,0.4535,484.8051071,32,81,,,,,,,,16.70774479,,,,,,,48480.51071,,4.848051071
1223,0.3775,370.2244759,22,113,,,,,,,,30.52202308,,,,,,,37022.44759,,3.702244759
1224,0.4075,441.6487217,0,89,,,,,,,,20.15176216,,,,,,,44164.87217,,4.416487217
1225,0.4215,390.5920982,0,89,,,,,,,,22.78591923,,,,,,,39059.20982,,3.905920982
1228,0.3675,369.8344231,0,66,,,,,,,,17.84582394,,,,,,,36983.44231,,3.698344231
1229,0.379,150.254488,30,56,,,,,,,,37.27010138,,,,,,,15025.4488,,1.50254488
1230,0.3315,337.7578259,0,86,,,,,,,,25.46203031,,,,,,,33775.78259,,3.377578259
1231,0.5345,592.4999714,0,44,,,,,,,,7.426160696,,,,,,,59249.99714,,5.924999714
1232,0.418,388.1771564,20,67,,,,,,,,17.26016044,,,,,,,38817.71564,,3.881771564
1233,0.443,490.691185,0,89,,,,,,,,18.13768063,,,,,,,49069.1185,,4.90691185
1235,0.3595,373.2805252,0,69,,,,,,,,18.48475753,,,,,,,37328.05252,,3.732805252
1236,0.399,409.1935158,0,117,,,,,,,,28.59282845,,,,,,,40919.35158,,4.091935158
1237,0.432,425.5037308,0,113,,,,,,,,26.55675892,,,,,,,42550.37308,,4.255037308
1239,0.4885,463.7413025,0,72,,,,,,,,15.52589765,,,,,,,46374.13025,,4.637413025
1241,0.3875,401.5123844,0,26,,,,,,,,6.475516325,,,,,,,40151.23844,,4.015123844
1243,0.3975,373.1215,0,89,,,,,,,,23.85282006,,,,,,,37312.15,,3.731215
1244,0.3995,412.7838612,0,93,,,,,,,,22.5299506,,,,,,,41278.38612,,4.127838612
1245,0.362,331.1350346,6,62,,,,,,,,18.7234794,,,,,,,33113.50346,,3.311350346
1246,0.387,351.849556,25,84,,,,,,,,23.87383999,,,,,,,35184.9556,,3.51849556
1250,0.4085,264.0054226,18,87,,,,,,,,32.95386858,,,,,,,26400.54226,,2.640054226
1251,0.4475,340.0847912,28,77,,,,,,,,22.64141237,,,,,,,34008.47912,,3.400847912
1252,0.4445,427.9172421,0,50,,,,,,,,11.6845023,,,,,,,42791.72421,,4.279172421
1254,0.3805,420.6514359,0,102,,,,,,,,24.24810456,,,,,,,42065.14359,,4.206514359
1255,0.349,328.7377357,0,97,,,,,,,,29.5068042,,,,,,,32873.77357,,3.287377357
1257,0.41,437.7756119,0,102,,,,,,,,23.29960766,,,,,,,43777.56119,,4.377756119
1258,0.353,290.7836437,0,76,,,,,,,,26.13627061,,,,,,,29078.36437,,2.907836437
1259,0.4465,471.1053371,0,65,,,,,,,,13.79733891,,,,,,,47110.53371,,4.711053371
1260,0.413,424.2930412,0,90,,,,,,,,21.21175491,,,,,,,42429.30412,,4.242930412
1263,0.377,201.5912533,7,59,,,,,,,,29.26714281,,,,,,,20159.12533,,2.015912533
1267,0.417,331.1369419,0,8,,,,,,,,2.415918911,,,,,,,33113.69419,,3.311369419
1270,0.365,317.0177937,0,58,,,,,,,,18.29550301,,,,,,,31701.77937,,3.170177937
1271,0.4375,405.1356316,0,76,,,,,,,,18.75914979,,,,,,,40513.56316,,4.051356316
1276,0.3525,298.6917496,0,44,,,,,,,,14.73090571,,,,,,,29869.17496,,2.986917496
1277,0.359,312.5603199,0,72,,,,,,,,23.03555359,,,,,,,31256.03199,,3.125603199
1278,0.408,397.7870941,0,105,,,,,,,,26.39602983,,,,,,,39778.70941,,3.977870941
1279,0.397,363.9199734,0,79,,,,,,,,21.70806929,,,,,,,36391.99734,,3.639199734
1280,0.446,416.4552689,0,82,,,,,,,,19.68998981,,,,,,,41645.52689,,4.164552689
1281,0.4015,400.4452229,0,63,,,,,,,,15.73248884,,,,,,,40044.52229,,4.004452229
1282,0.3835,398.1528282,0,91,,,,,,,,22.8555453,,,,,,,39815.28282,,3.981528282
1284,0.475,417.3657894,0,45,,,,,,,,10.78190909,,,,,,,41736.57894,,4.173657894
1288,0.445,377.1767616,0,31,,,,,,,,8.2189581,,,,,,,37717.67616,,3.771767616
1289,0.365,362.8292084,0,107,,,,,,,,29.49045929,,,,,,,36282.92084,,3.628292084
1292,0.3645,235.1531982,27,73,,,,,,,,31.04359224,,,,,,,23515.31982,,2.351531982
1293,0.4235,407.4702263,0,15,,,,,,,,3.681250563,,,,,,,40747.02263,,4.074702263
1295,0.414,427.7043343,0,86,,,,,,,,20.10734826,,,,,,,42770.43343,,4.277043343
1298,0.4045,367.9301739,0,18,,,,,,,,4.892232624,,,,,,,36793.01739,,3.679301739
1299,0.398,292.7668095,29,81,,,,,,,,27.66707064,,,,,,,29276.68095,,2.927668095
1300,0.379,349.6804237,0,81,,,,,,,,23.16400762,,,,,,,34968.04237,,3.496804237
1301,0.4035,340.3697014,0,9,,,,,,,,2.644183652,,,,,,,34036.97014,,3.403697014
1302,0.555,503.0140877,0,31,,,,,,,,6.162849264,,,,,,,50301.40877,,5.030140877
1303,0.364,365.6597137,0,98,,,,,,,,26.80087424,,,,,,,36565.97137,,3.656597137
1304,0.5285,490.9334183,0,81,,,,,,,,16.49918237,,,,,,,49093.34183,,4.909334183
1305,0.4205,360.768795,0,24,,,,,,,,6.652460061,,,,,,,36076.8795,,3.60768795
1307,0.3315,289.2920971,0,54,,,,,,,,18.66625481,,,,,,,28929.20971,,2.892920971
1310,0.42,436.4409447,0,50,,,,,,,,11.45630368,,,,,,,43644.09447,,4.364409447
1311,0.406,400.629282,31,82,,,,,,,,20.46779995,,,,,,,40062.9282,,4.00629282
1313,0.386,191.0676956,25,65,,,,,,,,34.01935623,,,,,,,19106.76956,,1.910676956
1315,0.618,572.0596313,29,83,,,,,,,,14.50897694,,,,,,,57205.96313,,5.720596313
1316,0.3565,250.2412796,26,76,,,,,,,,30.37068869,,,,,,,25024.12796,,2.502412796
1322,0.44,446.0349083,0,63,,,,,,,,14.12445502,,,,,,,44603.49083,,4.460349083
1324,0.4465,431.8065643,0,84,,,,,,,,19.45315494,,,,,,,43180.65643,,4.318065643
1327,0.3675,270.1120377,9,84,,,,,,,,31.09820677,,,,,,,27011.20377,,2.701120377
1328,0.584,400.4204273,2,47,,,,,,,,11.73766292,,,,,,,40042.04273,,4.004204273
1329,0.4355,431.6184521,0,1,,,,,,,,0.23168611,,,,,,,43161.84521,,4.316184521
1331,0.399,360.5232239,0,80,,,,,,,,22.18997132,,,,,,,36052.32239,,3.605232239
1332,0.3945,298.691988,31,73,,,,,,,,24.43989224,,,,,,,29869.1988,,2.98691988
1335,0.368,372.2112179,0,96,,,,,,,,25.79180728,,,,,,,37221.12179,,3.722112179
1336,0.455,419.3770885,0,10,,,,,,,,2.38448887,,,,,,,41937.70885,,4.193770885
1337,0.5165,488.4257317,0,68,,,,,,,,13.92228042,,,,,,,48842.57317,,4.884257317
1338,0.39,389.882803,0,87,,,,,,,,22.3143979,,,,,,,38988.2803,,3.89882803
1339,0.394,423.1152534,0,96,,,,,,,,22.6888535,,,,,,,42311.52534,,4.231152534
1340,0.369,329.3662071,0,78,,,,,,,,23.68184662,,,,,,,32936.62071,,3.293662071
1341,0.346,301.7137051,11,117,,,,,,,,38.77848372,,,,,,,30171.37051,,3.017137051
1342,0.4575,195.5080032,16,52,,,,,,,,26.59737665,,,,,,,19550.80032,,1.955080032
1344,0.375,344.5203304,0,81,,,,,,,,23.51094924,,,,,,,34452.03304,,3.445203304
1346,0.3635,213.1993771,11,67,,,,,,,,31.425983,,,,,,,21319.93771,,2.131993771
1347,0.37,388.6620998,0,95,,,,,,,,24.4428258,,,,,,,38866.20998,,3.886620998
1348,0.379,366.4424419,0,90,,,,,,,,24.56047382,,,,,,,36644.24419,,3.664424419
1349,0.372,386.0399723,0,87,,,,,,,,22.53652633,,,,,,,38603.99723,,3.860399723
1352,0.43,259.0770721,31,55,,,,,,,,21.22920394,,,,,,,25907.70721,,2.590770721
1353,0.376,404.7458172,0,109,,,,,,,,26.93048214,,,,,,,40474.58172,,4.047458172
1354,0.341,330.3155899,13,102,,,,,,,,30.87955977,,,,,,,33031.55899,,3.303155899
1357,0.362,235.4207039,30,67,,,,,,,,28.45968893,,,,,,,23542.07039,,2.354207039
1358,0.417,364.0785217,0,35,,,,,,,,9.613310842,,,,,,,36407.85217,,3.640785217
1359,0.426,456.2447071,0,93,,,,,,,,20.38379811,,,,,,,45624.47071,,4.562447071
1360,0.465,442.67869,0,88,,,,,,,,19.87897814,,,,,,,44267.869,,4.4267869
1365,0.424,456.9919109,0,94,,,,,,,,20.56929188,,,,,,,45699.19109,,4.569919109
1368,0.402,399.967432,0,48,,,,,,,,12.00097712,,,,,,,39996.7432,,3.99967432
1369,0.334,304.9135208,0,96,,,,,,,,31.48433685,,,,,,,30491.35208,,3.049135208
1372,0.408,404.0074348,0,44,,,,,,,,10.89088868,,,,,,,40400.74348,,4.040074348
1375,0.3335,342.7648544,0,8,,,,,,,,2.333961577,,,,,,,34276.48544,,3.427648544
1376,0.345,269.4768906,0,6,,,,,,,,2.226536007,,,,,,,26947.68906,,2.694768906
1378,0.354,338.4413719,0,68,,,,,,,,20.09210624,,,,,,,33844.13719,,3.384413719
1379,0.38,408.8363647,0,89,,,,,,,,21.76910072,,,,,,,40883.63647,,4.088363647
1380,0.4065,346.6870785,0,62,,,,,,,,17.8835624,,,,,,,34668.70785,,3.466870785
1381,0.405,380.5115223,0,61,,,,,,,,16.031052,,,,,,,38051.15223,,3.805115223
1382,0.3965,358.6285114,0,96,,,,,,,,26.76864693,,,,,,,35862.85114,,3.586285114
1384,0.365,303.0583858,0,59,,,,,,,,19.46819582,,,,,,,30305.83858,,3.030583858
1388,0.396,436.3410473,0,104,,,,,,,,23.83456717,,,,,,,43634.10473,,4.363410473
1389,0.4155,303.4422398,15,61,,,,,,,,20.1026726,,,,,,,30344.22398,,3.034422398
1390,0.3595,291.4819717,8,98,,,,,,,,33.62129034,,,,,,,29148.19717,,2.914819717
1391,0.353,211.8530273,25,55,,,,,,,,25.96139442,,,,,,,21185.30273,,2.118530273
1392,0.4275,445.6298351,0,74,,,,,,,,16.60571043,,,,,,,44562.98351,,4.456298351
1393,0.3875,404.2422771,0,66,,,,,,,,16.32684252,,,,,,,40424.22771,,4.042422771
1394,0.4385,168.5972214,18,51,,,,,,,,30.24960885,,,,,,,16859.72214,,1.685972214
1395,0.37,413.6478901,0,111,,,,,,,,26.83441706,,,,,,,41364.78901,,4.136478901
1396,0.4125,368.884325,0,69,,,,,,,,18.7050507,,,,,,,36888.4325,,3.68884325
1398,0.4025,328.4170628,0,1,,,,,,,,0.304490879,,,,,,,32841.70628,,3.284170628
1400,0.3735,390.0699615,0,44,,,,,,,,11.28002778,,,,,,,39006.99615,,3.900699615
1401,0.4225,362.2882366,0,40,,,,,,,,11.04093259,,,,,,,36228.82366,,3.622882366
1402,0.411,387.5043392,0,77,,,,,,,,19.87074523,,,,,,,38750.43392,,3.875043392
1403,0.374,214.4351006,30,76,,,,,,,,35.4419588,,,,,,,21443.51006,,2.144351006
1405,0.379,324.835062,0,77,,,,,,,,23.70433768,,,,,,,32483.5062,,3.24835062
1407,0.389,285.3517532,0,4,,,,,,,,1.401778666,,,,,,,28535.17532,,2.853517532
1410,0.3925,350.1102924,0,53,,,,,,,,15.13808681,,,,,,,35011.02924,,3.501102924
1412,0.4035,178.9479256,3,51,,,,,,,,28.49991126,,,,,,,17894.79256,,1.789479256
1413,0.448,478.0080318,0,91,,,,,,,,19.03733702,,,,,,,47800.80318,,4.780080318
1414,0.375,219.0468311,20,74,,,,,,,,33.78273022,,,,,,,21904.68311,,2.190468311
1415,0.4025,346.3549614,0,5,,,,,,,,1.44360571,,,,,,,34635.49614,,3.463549614
1417,0.5415,557.949543,0,91,,,,,,,,16.30971853,,,,,,,55794.9543,,5.57949543
1418,0.42,474.2574692,0,115,,,,,,,,24.24843202,,,,,,,47425.74692,,4.742574692
1419,0.3505,338.5396004,0,97,,,,,,,,28.65248257,,,,,,,33853.96004,,3.385396004
1420,0.401,345.007658,0,64,,,,,,,,18.55031287,,,,,,,34500.7658,,3.45007658
1421,0.4305,266.6056156,10,53,,,,,,,,19.87955125,,,,,,,26660.56156,,2.666056156
1423,0.4,290.0195122,16,77,,,,,,,,26.54993777,,,,,,,29001.95122,,2.900195122
1425,0.3305,321.4819431,0,128,,,,,,,,39.81561103,,,,,,,32148.19431,,3.214819431
1426,0.3805,357.8138351,0,4,,,,,,,,1.117899759,,,,,,,35781.38351,,3.578138351
1427,0.38,315.4711723,0,15,,,,,,,,4.754792614,,,,,,,31547.11723,,3.154711723
1429,0.418,451.3087273,0,68,,,,,,,,15.06729117,,,,,,,45130.87273,,4.513087273
1430,0.3995,405.7824612,0,41,,,,,,,,10.10393596,,,,,,,40578.24612,,4.057824612
1432,0.4195,362.0357513,12,90,,,,,,,,24.85942332,,,,,,,36203.57513,,3.620357513
1435,0.3545,331.0317993,0,107,,,,,,,,32.32317869,,,,,,,33103.17993,,3.310317993
1436,0.415,400.7053375,0,90,,,,,,,,22.4603946,,,,,,,40070.53375,,4.007053375
1437,0.362,361.9582653,0,50,,,,,,,,13.81374727,,,,,,,36195.82653,,3.619582653
1438,0.495,380.5384636,0,5,,,,,,,,1.313927626,,,,,,,38053.84636,,3.805384636
1439,0.38,402.4662971,0,106,,,,,,,,26.33760908,,,,,,,40246.62971,,4.024662971
1440,0.385,229.8707962,33,64,,,,,,,,27.8417272,,,,,,,22987.07962,,2.298707962
1443,0.4095,440.2184486,0,95,,,,,,,,21.58019508,,,,,,,44021.84486,,4.402184486
1444,0.427,164.3271446,18,55,,,,,,,,33.4698203,,,,,,,16432.71446,,1.643271446
1445,0.4135,257.935524,29,68,,,,,,,,26.36317749,,,,,,,25793.5524,,2.57935524
1447,0.377,358.0040932,0,91,,,,,,,,25.41870379,,,,,,,35800.40932,,3.580040932
1448,0.403,356.1646938,0,57,,,,,,,,16.00383221,,,,,,,35616.46938,,3.561646938
1449,0.4085,382.5397491,0,78,,,,,,,,20.39003795,,,,,,,38253.97491,,3.825397491
1451,0.405,314.3548965,0,18,,,,,,,,5.726012288,,,,,,,31435.48965,,3.143548965
1453,0.3305,206.9246769,24,75,,,,,,,,36.2450729,,,,,,,20692.46769,,2.069246769
1455,0.3925,361.3886833,0,63,,,,,,,,17.43275396,,,,,,,36138.86833,,3.613886833
1456,0.371,338.820219,0,98,,,,,,,,28.92389371,,,,,,,33882.0219,,3.38820219
1458,0.484,532.3293209,0,52,,,,,,,,9.76838922,,,,,,,53232.93209,,5.323293209
1459,0.405,314.6283627,0,16,,,,,,,,5.085364798,,,,,,,31462.83627,,3.146283627
1460,0.368,368.8650131,0,69,,,,,,,,18.70603,,,,,,,36886.50131,,3.688650131
1461,0.448,487.5059128,0,96,,,,,,,,19.69206885,,,,,,,48750.59128,,4.875059128
1462,0.446,202.4722099,29,41,,,,,,,,20.24969255,,,,,,,20247.22099,,2.024722099
1467,0.3905,327.9931545,0,57,,,,,,,,17.37841148,,,,,,,32799.31545,,3.279931545
1469,0.48,558.7465763,0,107,,,,,,,,19.15000548,,,,,,,55874.65763,,5.587465763
1471,0.4145,386.8727684,0,98,,,,,,,,25.33132544,,,,,,,38687.27684,,3.868727684
1473,0.402,441.3323402,0,102,,,,,,,,23.11183449,,,,,,,44133.23402,,4.413323402
1477,0.431,358.8652611,0,40,,,,,,,,11.14624466,,,,,,,35886.52611,,3.588652611
1481,0.345,120.1004982,23,52,,,,,,,,43.29707268,,,,,,,12010.04982,,1.201004982
1483,0.4055,349.6823311,0,14,,,,,,,,4.0036338,,,,,,,34968.23311,,3.496823311
1484,0.389,289.6635532,27,92,,,,,,,,31.7609858,,,,,,,28966.35532,,2.896635532
1486,0.386,353.8398743,31,105,,,,,,,,29.67443966,,,,,,,35383.98743,,3.538398743
1490,0.372,370.2352047,0,69,,,,,,,,18.63680145,,,,,,,37023.52047,,3.702352047
1492,0.419,387.0866299,0,85,,,,,,,,21.95890879,,,,,,,38708.66299,,3.870866299
1493,0.3825,224.1158485,28,91,,,,,,,,40.60400039,,,,,,,22411.58485,,2.241158485
1494,0.3895,371.5415001,32,73,,,,,,,,19.64787244,,,,,,,37154.15001,,3.715415001
1496,0.456,488.3787632,0,66,,,,,,,,13.51410114,,,,,,,48837.87632,,4.883787632
1497,0.394,400.3777504,13,93,,,,,,,,23.22806397,,,,,,,40037.77504,,4.003777504
1499,0.423,403.7775993,0,107,,,,,,,,26.49973653,,,,,,,40377.75993,,4.037775993
1500,0.395,391.825676,0,117,,,,,,,,29.86021774,,,,,,,39182.5676,,3.91825676
1501,0.462,421.195507,9,73,,,,,,,,17.33161888,,,,,,,42119.5507,,4.21195507
1503,0.396,348.6173153,0,81,,,,,,,,23.23464626,,,,,,,34861.73153,,3.486173153
1506,0.4625,412.1005535,0,52,,,,,,,,12.61827958,,,,,,,41210.05535,,4.121005535
1508,0.4065,351.4473438,0,47,,,,,,,,13.37326938,,,,,,,35144.73438,,3.514473438
1509,0.3845,231.1925888,20,75,,,,,,,,32.44048626,,,,,,,23119.25888,,2.311925888
1510,0.421,340.6155109,0,45,,,,,,,,13.21137722,,,,,,,34061.55109,,3.406155109
1514,0.389,344.1147804,0,76,,,,,,,,22.08565407,,,,,,,34411.47804,,3.441147804
1515,0.4115,449.0981102,0,93,,,,,,,,20.70816997,,,,,,,44909.81102,,4.490981102
1516,0.4005,347.1410275,0,63,,,,,,,,18.1482438,,,,,,,34714.10275,,3.471410275
1517,0.526,556.5636158,0,58,,,,,,,,10.42109084,,,,,,,55656.36158,,5.565636158
1518,0.4225,379.3900013,0,56,,,,,,,,14.7605366,,,,,,,37939.00013,,3.793900013
1519,0.448,225.5651951,31,56,,,,,,,,24.8265252,,,,,,,22556.51951,,2.255651951
1523,0.391,335.6747627,27,89,,,,,,,,26.51375971,,,,,,,33567.47627,,3.356747627
1524,0.471,489.893198,0,92,,,,,,,,18.77960347,,,,,,,48989.3198,,4.89893198
1529,0.3445,314.7511482,0,65,,,,,,,,20.65123523,,,,,,,31475.11482,,3.147511482
1530,0.382,275.9039402,19,62,,,,,,,,22.47158919,,,,,,,27590.39402,,2.759039402
1531,0.389,354.2456627,0,66,,,,,,,,18.63113849,,,,,,,35424.56627,,3.542456627
1532,0.3245,293.8404083,0,95,,,,,,,,32.33047509,,,,,,,29384.04083,,2.938404083
1534,0.3775,321.824789,0,48,,,,,,,,14.91494802,,,,,,,32182.4789,,3.21824789
1535,0.4145,161.3845825,15,52,,,,,,,,32.22116958,,,,,,,16138.45825,,1.613845825
1537,0.389,368.3469296,0,107,,,,,,,,29.04870148,,,,,,,36834.69296,,3.683469296
1538,0.3965,355.5378914,0,50,,,,,,,,14.06319867,,,,,,,35553.78914,,3.555378914
1539,0.496,372.1857071,13,56,,,,,,,,15.04625216,,,,,,,37218.57071,,3.721857071
1540,0.369,338.8779163,0,93,,,,,,,,27.44351152,,,,,,,33887.79163,,3.388779163
1542,0.385,291.3341522,27,72,,,,,,,,24.71388935,,,,,,,29133.41522,,2.913341522
1543,0.3965,380.6200027,0,106,,,,,,,,27.84929832,,,,,,,38062.00027,,3.806200027
1544,0.3455,146.2981701,30,59,,,,,,,,40.32859738,,,,,,,14629.81701,,1.462981701
1545,0.4365,356.4703465,0,24,,,,,,,,6.732677833,,,,,,,35647.03465,,3.564703465
1546,0.345,322.7887154,0,112,,,,,,,,34.69761942,,,,,,,32278.87154,,3.227887154
1549,0.5465,455.3432465,0,11,,,,,,,,2.415759997,,,,,,,45534.32465,,4.553432465
1551,0.495,406.1515331,2,62,,,,,,,,15.26523845,,,,,,,40615.15331,,4.061515331
1552,0.361,115.1983738,10,47,,,,,,,,40.79918705,,,,,,,11519.83738,,1.151983738
1556,0.345,152.5461674,16,57,,,,,,,,37.36573719,,,,,,,15254.61674,,1.525461674
1558,0.341,288.9568806,0,2,,,,,,,,0.692144792,,,,,,,28895.68806,,2.889568806
1559,0.379,346.9700813,0,76,,,,,,,,21.90390587,,,,,,,34697.00813,,3.469700813
1560,0.3325,307.3728085,0,99,,,,,,,,32.20844436,,,,,,,30737.28085,,3.073728085
1562,0.4685,365.7381535,29,73,,,,,,,,19.95963486,,,,,,,36573.81535,,3.657381535
1566,0.3655,341.0146236,0,79,,,,,,,,23.16616196,,,,,,,34101.46236,,3.410146236
1567,0.429,377.7430058,0,50,,,,,,,,13.23651245,,,,,,,37774.30058,,3.777430058
1569,0.4555,461.337328,0,38,,,,,,,,8.236922896,,,,,,,46133.7328,,4.61337328
1570,0.402,400.5811214,0,44,,,,,,,,10.98404234,,,,,,,40058.11214,,4.005811214
1571,0.4735,520.501852,0,58,,,,,,,,11.14309196,,,,,,,52050.1852,,5.20501852
1572,0.399,404.9172401,0,107,,,,,,,,26.42515295,,,,,,,40491.72401,,4.049172401
1574,0.461,393.5821056,0,44,,,,,,,,11.17937004,,,,,,,39358.21056,,3.935821056
1575,0.407,361.5951538,0,68,,,,,,,,18.80556177,,,,,,,36159.51538,,3.615951538
1576,0.4275,457.0758343,0,61,,,,,,,,13.34570665,,,,,,,45707.58343,,4.570758343
1577,0.398,432.0349693,0,94,,,,,,,,21.75749805,,,,,,,43203.49693,,4.320349693
1579,0.3325,290.034771,0,84,,,,,,,,28.96204469,,,,,,,29003.4771,,2.90034771
1581,0.353,261.2712383,20,94,,,,,,,,35.97793642,,,,,,,26127.12383,,2.612712383
1582,0.4035,203.9084435,31,57,,,,,,,,27.95372228,,,,,,,20390.84435,,2.039084435
1583,0.418,441.6759014,0,109,,,,,,,,24.67872928,,,,,,,44167.59014,,4.416759014
1584,0.498,549.0169525,0,68,,,,,,,,12.38577419,,,,,,,54901.69525,,5.490169525
1585,0.424,458.2819939,0,99,,,,,,,,21.60241976,,,,,,,45828.19939,,4.582819939
1588,0.4915,518.674612,0,3,,,,,,,,0.578397309,,,,,,,51867.4612,,5.18674612
1589,0.3965,353.7478447,0,74,,,,,,,,20.91885537,,,,,,,35374.78447,,3.537478447
1590,0.536,516.1073208,0,93,,,,,,,,18.01950801,,,,,,,51610.73208,,5.161073208
1591,0.415,332.2927952,0,50,,,,,,,,15.04697084,,,,,,,33229.27952,,3.322927952
1592,0.4015,414.9229527,0,64,,,,,,,,15.42455041,,,,,,,41492.29527,,4.149229527
1593,0.3995,434.1411591,0,107,,,,,,,,24.64636162,,,,,,,43414.11591,,4.341411591
1594,0.413,382.8811646,0,78,,,,,,,,20.37185613,,,,,,,38288.11646,,3.828811646
1595,0.473,416.9538021,0,57,,,,,,,,13.67057926,,,,,,,41695.38021,,4.169538021
1596,0.3945,171.9908714,8,50,,,,,,,,29.07131035,,,,,,,17199.08714,,1.719908714
1597,0.365,282.0751667,0,41,,,,,,,,14.53513277,,,,,,,28207.51667,,2.820751667
1598,0.4025,289.9749279,10,60,,,,,,,,20.69144406,,,,,,,28997.49279,,2.899749279
1599,0.44,169.1708565,10,51,,,,,,,,30.14703658,,,,,,,16917.08565,,1.691708565
1600,0.3795,379.5053959,0,62,,,,,,,,16.33705361,,,,,,,37950.53959,,3.795053959
1601,0.3925,378.3009052,0,113,,,,,,,,29.8704017,,,,,,,37830.09052,,3.783009052
1602,0.48,528.7740231,0,89,,,,,,,,16.83138659,,,,,,,52877.40231,,5.287740231
1603,0.398,463.1700516,0,82,,,,,,,,17.70408076,,,,,,,46317.00516,,4.631700516
1605,0.3945,337.7044201,0,11,,,,,,,,3.257286356,,,,,,,33770.44201,,3.377044201
1606,0.353,266.6780949,0,13,,,,,,,,4.874791087,,,,,,,26667.80949,,2.666780949
1609,0.414,305.8679104,9,83,,,,,,,,27.13589663,,,,,,,30586.79104,,3.058679104
1611,0.3895,422.6784706,0,102,,,,,,,,24.13181818,,,,,,,42267.84706,,4.226784706
1612,0.464,458.8603973,0,32,,,,,,,,6.973798608,,,,,,,45886.03973,,4.588603973
1617,0.4035,422.9640961,0,81,,,,,,,,19.15056165,,,,,,,42296.40961,,4.229640961
1618,0.467,457.8974247,0,109,,,,,,,,23.80445797,,,,,,,45789.74247,,4.578974247
1619,0.3925,376.9054413,0,112,,,,,,,,29.71567606,,,,,,,37690.54413,,3.769054413
1621,0.411,360.7404232,22,112,,,,,,,,31.04725526,,,,,,,36074.04232,,3.607404232
1623,0.396,364.3085957,0,86,,,,,,,,23.60636038,,,,,,,36430.85957,,3.643085957
1624,0.3775,382.6694489,0,31,,,,,,,,8.100986397,,,,,,,38266.94489,,3.826694489
1625,0.373,340.9399986,0,90,,,,,,,,26.39760673,,,,,,,34093.99986,,3.409399986
1626,0.3895,381.3855648,16,78,,,,,,,,20.45174417,,,,,,,38138.55648,,3.813855648
1630,0.403,360.8319759,0,73,,,,,,,,20.23102299,,,,,,,36083.19759,,3.608319759
1632,0.3995,230.8747768,25,48,,,,,,,,20.79049113,,,,,,,23087.47768,,2.308747768
1633,0.4295,382.6951981,0,23,,,,,,,,6.010004859,,,,,,,38269.51981,,3.826951981
1634,0.3955,243.748188,21,80,,,,,,,,32.8207568,,,,,,,24374.8188,,2.43748188
1638,0.4485,422.3747253,0,90,,,,,,,,21.30809317,,,,,,,42237.47253,,4.223747253
1639,0.3825,213.2644653,30,51,,,,,,,,23.91396988,,,,,,,21326.44653,,2.132644653
1641,0.431,377.1791458,0,86,,,,,,,,22.80083641,,,,,,,37717.91458,,3.771791458
1646,0.382,333.1186771,0,82,,,,,,,,24.61585184,,,,,,,33311.86771,,3.331186771
1647,0.338,342.8442478,0,75,,,,,,,,21.87582276,,,,,,,34284.42478,,3.428442478
1648,0.5455,504.5728683,28,69,,,,,,,,13.67493267,,,,,,,50457.28683,,5.045728683
1649,0.359,250.1883507,5,71,,,,,,,,28.37861947,,,,,,,25018.83507,,2.501883507
1650,0.3845,317.1463013,0,13,,,,,,,,4.099054584,,,,,,,31714.63013,,3.171463013
1651,0.4,326.310873,14,91,,,,,,,,27.88751694,,,,,,,32631.0873,,3.26310873
1652,0.3865,286.2939835,0,3,,,,,,,,1.047873924,,,,,,,28629.39835,,2.862939835
1656,0.4435,461.1880779,0,42,,,,,,,,9.106913646,,,,,,,46118.80779,,4.611880779
1658,0.37,402.8587341,13,121,,,,,,,,30.03534236,,,,,,,40285.87341,,4.028587341
1659,0.4155,409.2094898,0,63,,,,,,,,15.39553739,,,,,,,40920.94898,,4.092094898
1661,0.3565,316.2870407,0,90,,,,,,,,28.45516522,,,,,,,31628.70407,,3.162870407
1663,0.353,236.65452,34,69,,,,,,,,29.156426,,,,,,,23665.452,,2.3665452
1666,0.426,459.9769115,0,99,,,,,,,,21.52281941,,,,,,,45997.69115,,4.599769115
1667,0.332,310.6036186,0,111,,,,,,,,35.73686633,,,,,,,31060.36186,,3.106036186
1670,0.3765,341.9110775,0,57,,,,,,,,16.67100125,,,,,,,34191.10775,,3.419110775
1671,0.381,327.9886246,0,73,,,,,,,,22.25686945,,,,,,,32798.86246,,3.279886246
1672,0.377,350.099802,0,90,,,,,,,,25.70695541,,,,,,,35009.9802,,3.50099802
1673,0.3585,349.7474194,0,123,,,,,,,,35.16823661,,,,,,,34974.74194,,3.497474194
1674,0.344,323.8573074,0,109,,,,,,,,33.65679807,,,,,,,32385.73074,,3.238573074
1679,0.375,336.5511894,0,76,,,,,,,,22.58200309,,,,,,,33655.11894,,3.365511894
1682,0.397,294.2690849,0,9,,,,,,,,3.058425252,,,,,,,29426.90849,,2.942690849
1685,0.494,557.9614639,0,96,,,,,,,,17.20548931,,,,,,,55796.14639,,5.579614639
1686,0.375,127.7151108,11,46,,,,,,,,36.0176644,,,,,,,12771.51108,,1.277151108
1689,0.352,320.8265305,0,25,,,,,,,,7.792373019,,,,,,,32082.65305,,3.208265305
1690,0.3915,170.6576347,32,47,,,,,,,,27.54051999,,,,,,,17065.76347,,1.706576347
1692,0.439,390.1872635,0,57,,,,,,,,14.60837022,,,,,,,39018.72635,,3.901872635
1694,0.3725,330.6782246,0,90,,,,,,,,27.21679062,,,,,,,33067.82246,,3.306782246
1695,0.424,385.04529,0,15,,,,,,,,3.895645627,,,,,,,38504.529,,3.8504529
1698,0.3985,378.1268597,0,96,,,,,,,,25.38830489,,,,,,,37812.68597,,3.781268597
1700,0.367,142.6537037,28,54,,,,,,,,37.85390677,,,,,,,14265.37037,,1.426537037
1701,0.405,376.1203289,0,55,,,,,,,,14.62297987,,,,,,,37612.03289,,3.761203289
1704,0.3865,278.6843777,22,66,,,,,,,,23.68270534,,,,,,,27868.43777,,2.786843777
1705,0.346,133.4068775,31,51,,,,,,,,38.22891365,,,,,,,13340.68775,,1.334068775
1706,0.353,174.8504639,30,64,,,,,,,,36.60270529,,,,,,,17485.04639,,1.748504639
1707,0.432,405.7848454,0,16,,,,,,,,3.94297623,,,,,,,40578.48454,,4.057848454
1709,0.439,370.118618,0,20,,,,,,,,5.403673046,,,,,,,37011.8618,,3.70118618
1711,0.4925,463.367939,0,52,,,,,,,,11.22218341,,,,,,,46336.7939,,4.63367939
1712,0.403,346.3995457,0,61,,,,,,,,17.60972286,,,,,,,34639.95457,,3.463995457
1713,0.3495,331.2549591,0,113,,,,,,,,34.11269685,,,,,,,33125.49591,,3.312549591
1715,0.384,321.4325905,0,15,,,,,,,,4.666608316,,,,,,,32143.25905,,3.214325905
1716,0.358,183.2056046,8,63,,,,,,,,34.38759428,,,,,,,18320.56046,,1.832056046
1717,0.389,340.2481079,8,93,,,,,,,,27.33299549,,,,,,,34024.81079,,3.402481079
1718,0.3795,246.3679314,16,71,,,,,,,,28.81868577,,,,,,,24636.79314,,2.463679314
1719,0.368,404.7369957,0,58,,,,,,,,14.33029365,,,,,,,40473.69957,,4.047369957
1720,0.3935,182.3556423,31,60,,,,,,,,32.90273843,,,,,,,18235.56423,,1.823556423
1722,0.3485,323.7044811,0,102,,,,,,,,31.51022181,,,,,,,32370.44811,,3.237044811
1724,0.3585,180.9473038,27,62,,,,,,,,34.26411928,,,,,,,18094.73038,,1.809473038
1730,0.3615,255.1772594,29,86,,,,,,,,33.70206272,,,,,,,25517.72594,,2.551772594
1731,0.3485,281.9020748,0,12,,,,,,,,4.256797332,,,,,,,28190.20748,,2.819020748
1733,0.4345,433.3546162,0,117,,,,,,,,26.99867398,,,,,,,43335.46162,,4.333546162
1738,0.3345,334.3448639,26,116,,,,,,,,34.6947157,,,,,,,33434.48639,,3.343448639
1740,0.4715,499.2954731,0,25,,,,,,,,5.00705521,,,,,,,49929.54731,,4.992954731
1744,0.4845,460.0207806,0,67,,,,,,,,14.56455943,,,,,,,46002.07806,,4.600207806
1747,0.5085,504.8546791,0,24,,,,,,,,4.753843233,,,,,,,50485.46791,,5.048546791
1748,0.3715,135.4532242,5,51,,,,,,,,37.65137397,,,,,,,13545.32242,,1.354532242
1749,0.35,324.9154091,0,60,,,,,,,,18.46634488,,,,,,,32491.54091,,3.249154091
1750,0.3815,421.2317467,0,104,,,,,,,,24.68949713,,,,,,,42123.17467,,4.212317467
1752,0.3755,400.6516933,0,98,,,,,,,,24.46014871,,,,,,,40065.16933,,4.006516933
1753,0.365,355.6838036,0,119,,,,,,,,33.45668225,,,,,,,35568.38036,,3.556838036
1754,0.401,337.0473385,0,15,,,,,,,,4.450413425,,,,,,,33704.73385,,3.370473385
1756,0.363,337.4195099,0,71,,,,,,,,21.04205534,,,,,,,33741.95099,,3.374195099
1757,0.4495,497.9231358,0,71,,,,,,,,14.25922896,,,,,,,49792.31358,,4.979231358
1758,0.4125,346.6751575,30,104,,,,,,,,29.99926523,,,,,,,34667.51575,,3.466751575
1759,0.422,448.1909275,0,90,,,,,,,,20.08072776,,,,,,,44819.09275,,4.481909275
1760,0.4215,402.3077488,0,100,,,,,,,,24.85659307,,,,,,,40230.77488,,4.023077488
1761,0.474,526.6683102,0,87,,,,,,,,16.51893579,,,,,,,52666.83102,,5.266683102
1762,0.3555,339.8001194,0,46,,,,,,,,13.53737017,,,,,,,33980.01194,,3.398001194
1764,0.3995,385.7429028,10,96,,,,,,,,24.88704246,,,,,,,38574.29028,,3.857429028
1765,0.472,492.5067425,0,76,,,,,,,,15.43126082,,,,,,,49250.67425,,4.925067425
1766,0.375,308.1498146,0,51,,,,,,,,16.55039127,,,,,,,30814.98146,,3.081498146
1767,0.366,270.6160545,28,70,,,,,,,,25.86690584,,,,,,,27061.60545,,2.706160545
1769,0.3695,291.6376591,22,75,,,,,,,,25.71684337,,,,,,,29163.76591,,2.916376591
1772,0.468,491.4140701,0,31,,,,,,,,6.308325684,,,,,,,49141.40701,,4.914140701
1773,0.3895,315.025568,17,77,,,,,,,,24.44246049,,,,,,,31502.5568,,3.15025568
1774,0.4165,315.5126572,0,20,,,,,,,,6.338889913,,,,,,,31551.26572,,3.155126572
1775,0.407,451.2155056,0,97,,,,,,,,21.49748818,,,,,,,45121.55056,,4.512155056
1776,0.3695,365.8339977,0,74,,,,,,,,20.2277537,,,,,,,36583.39977,,3.658339977
1777,0.3755,408.1895351,0,116,,,,,,,,28.41817098,,,,,,,40818.95351,,4.081895351
1778,0.405,357.5434685,0,56,,,,,,,,15.66243127,,,,,,,35754.34685,,3.575434685
1781,0.4165,329.382658,0,40,,,,,,,,12.14393018,,,,,,,32938.2658,,3.29382658
1785,0.3735,280.1940441,6,69,,,,,,,,24.62579111,,,,,,,28019.40441,,2.801940441
1789,0.354,364.5138741,0,99,,,,,,,,27.15946005,,,,,,,36451.38741,,3.645138741
1790,0.506,234.4655991,27,59,,,,,,,,25.16360619,,,,,,,23446.55991,,2.344655991
1791,0.504,435.303688,27,83,,,,,,,,19.06714836,,,,,,,43530.3688,,4.35303688
1793,0.451,419.1408157,0,62,,,,,,,,14.79216475,,,,,,,41914.08157,,4.191408157
1797,0.357,336.1532688,0,80,,,,,,,,23.79866788,,,,,,,33615.32688,,3.361532688
1798,0.413,267.9727077,13,83,,,,,,,,30.97330348,,,,,,,26797.27077,,2.679727077
1799,0.3805,413.6228561,0,98,,,,,,,,23.6930814,,,,,,,41362.28561,,4.136228561
1800,0.4405,352.4773121,0,25,,,,,,,,7.092655085,,,,,,,35247.73121,,3.524773121
1801,0.3845,327.0218372,9,87,,,,,,,,26.60372798,,,,,,,32702.18372,,3.270218372
1803,0.3715,405.4536819,0,123,,,,,,,,30.33638748,,,,,,,40545.36819,,4.054536819
1806,0.3825,343.5509205,0,83,,,,,,,,24.15944626,,,,,,,34355.09205,,3.435509205
1807,0.4075,429.2504787,0,98,,,,,,,,22.83049289,,,,,,,42925.04787,,4.292504787
1808,0.373,367.6018715,9,115,,,,,,,,31.28384508,,,,,,,36760.18715,,3.676018715
1809,0.367,349.8477936,0,118,,,,,,,,33.72895361,,,,,,,34984.77936,,3.498477936
1810,0.3905,397.7644444,0,81,,,,,,,,20.36381108,,,,,,,39776.44444,,3.977644444
1813,0.3795,380.5596828,0,84,,,,,,,,22.07275331,,,,,,,38055.96828,,3.805596828
1815,0.5,486.3128662,0,37,,,,,,,,7.608270842,,,,,,,48631.28662,,4.863128662
1819,0.4245,151.1647701,27,42,,,,,,,,27.78425156,,,,,,,15116.47701,,1.511647701
1820,0.3795,396.7211246,0,91,,,,,,,,22.93802733,,,,,,,39672.11246,,3.967211246
1821,0.3485,253.5283566,30,73,,,,,,,,28.79362332,,,,,,,25352.83566,,2.535283566
1825,0.3995,414.1607285,0,94,,,,,,,,22.69650248,,,,,,,41416.07285,,4.141607285
1829,0.403,328.2210827,0,45,,,,,,,,13.71027103,,,,,,,32822.10827,,3.282210827
1830,0.3755,380.4132938,0,88,,,,,,,,23.13273522,,,,,,,38041.32938,,3.804132938
1831,0.5055,370.6943989,0,6,,,,,,,,1.618583938,,,,,,,37069.43989,,3.706943989
1832,0.36,372.2603321,0,98,,,,,,,,26.32566286,,,,,,,37226.03321,,3.722603321
1836,0.407,199.0754604,25,54,,,,,,,,27.1253925,,,,,,,19907.54604,,1.990754604
1837,0.3465,291.9380665,0,56,,,,,,,,19.18215075,,,,,,,29193.80665,,2.919380665
1841,0.4135,441.1923885,0,94,,,,,,,,21.30589794,,,,,,,44119.23885,,4.411923885
1843,0.3615,340.1279449,0,51,,,,,,,,14.9943575,,,,,,,34012.79449,,3.401279449
1844,0.426,445.4391003,0,60,,,,,,,,13.46985479,,,,,,,44543.91003,,4.454391003
1846,0.359,305.1447868,0,50,,,,,,,,16.38566417,,,,,,,30514.47868,,3.051447868
1848,0.394,317.2430992,10,61,,,,,,,,19.22815663,,,,,,,31724.30992,,3.172430992
1849,0.4485,447.8166103,0,105,,,,,,,,23.44709812,,,,,,,44781.66103,,4.478166103
1850,0.403,446.7692375,0,98,,,,,,,,21.93526138,,,,,,,44676.92375,,4.467692375
1851,0.372,311.3734722,7,89,,,,,,,,28.58303868,,,,,,,31137.34722,,3.113734722
1852,0.459,420.1967716,0,3,,,,,,,,0.713951225,,,,,,,42019.67716,,4.201967716
1853,0.3685,345.0205326,0,95,,,,,,,,27.53459317,,,,,,,34502.05326,,3.450205326
1856,0.36,362.8003597,0,95,,,,,,,,26.18520006,,,,,,,36280.03597,,3.628003597
1858,0.4305,295.4106331,20,75,,,,,,,,25.38838877,,,,,,,29541.06331,,2.954106331
1859,0.3815,395.8771229,0,85,,,,,,,,21.47130892,,,,,,,39587.71229,,3.958771229
1860,0.324,280.5428505,9,121,,,,,,,,43.13066606,,,,,,,28054.28505,,2.805428505
1861,0.415,371.2353706,0,66,,,,,,,,17.77847835,,,,,,,37123.53706,,3.712353706
1862,0.442,384.5667839,0,28,,,,,,,,7.280920031,,,,,,,38456.67839,,3.845667839
1863,0.3745,350.9910107,24,106,,,,,,,,30.20020364,,,,,,,35099.10107,,3.509910107
1867,0.406,382.8001022,0,17,,,,,,,,4.440960152,,,,,,,38280.01022,,3.828001022
1869,0.4665,460.3984356,0,74,,,,,,,,16.07303463,,,,,,,46039.84356,,4.603984356
1870,0.3965,350.1636982,7,106,,,,,,,,30.271556,,,,,,,35016.36982,,3.501636982
1872,0.3995,367.3107624,0,34,,,,,,,,9.256467134,,,,,,,36731.07624,,3.673107624
1874,0.4025,372.0531464,0,65,,,,,,,,17.47062231,,,,,,,37205.31464,,3.720531464
1875,0.451,356.2159538,22,76,,,,,,,,21.33537232,,,,,,,35621.59538,,3.562159538
1876,0.409,430.3574562,0,67,,,,,,,,15.56845339,,,,,,,43035.74562,,4.303574562
1877,0.473,454.5433521,0,64,,,,,,,,14.08006513,,,,,,,45454.33521,,4.545433521
1878,0.422,362.5433445,0,51,,,,,,,,14.06728348,,,,,,,36254.33445,,3.625433445
1879,0.345,161.3306999,14,62,,,,,,,,38.43037936,,,,,,,16133.06999,,1.613306999
1880,0.4215,376.9443035,0,79,,,,,,,,20.95800341,,,,,,,37694.43035,,3.769443035
1881,0.4425,380.7127476,0,31,,,,,,,,8.142622015,,,,,,,38071.27476,,3.807127476
1883,0.405,368.0377007,0,79,,,,,,,,21.46519225,,,,,,,36803.77007,,3.680377007
1886,0.365,339.4589424,0,85,,,,,,,,25.03984706,,,,,,,33945.89424,,3.394589424
1887,0.36,345.4589844,0,90,,,,,,,,26.05229682,,,,,,,34545.89844,,3.454589844
1888,0.398,353.5432816,0,99,,,,,,,,28.00222919,,,,,,,35354.32816,,3.535432816
1890,0.357,319.7813034,0,87,,,,,,,,27.20609338,,,,,,,31978.13034,,3.197813034
1891,0.3685,271.3809013,0,11,,,,,,,,4.053343455,,,,,,,27138.09013,,2.713809013
1892,0.447,456.7728043,0,60,,,,,,,,13.13563317,,,,,,,45677.28043,,4.567728043
1893,0.3605,305.3891659,0,45,,,,,,,,14.7352968,,,,,,,30538.91659,,3.053891659
1896,0.409,232.9113483,32,55,,,,,,,,23.61413491,,,,,,,23291.13483,,2.329113483
1897,0.417,319.1423416,25,94,,,,,,,,29.45394194,,,,,,,31914.23416,,3.191423416
1901,0.422,474.7488499,0,113,,,,,,,,23.80205871,,,,,,,47474.88499,,4.747488499
1904,0.397,339.2734528,0,52,,,,,,,,15.32686969,,,,,,,33927.34528,,3.392734528
1905,0.3855,398.0228901,4,114,,,,,,,,28.64156882,,,,,,,39802.28901,,3.980228901
1909,0.368,226.8671989,16,72,,,,,,,,31.73662845,,,,,,,22686.71989,,2.268671989
1910,0.443,480.8399677,0,78,,,,,,,,16.22161327,,,,,,,48083.99677,,4.808399677
1912,0.4105,239.4177914,29,64,,,,,,,,26.73151382,,,,,,,23941.77914,,2.394177914
1914,0.404,374.7518063,0,28,,,,,,,,7.471611752,,,,,,,37475.18063,,3.747518063
1920,0.3955,278.4295082,25,60,,,,,,,,21.54944007,,,,,,,27842.95082,,2.784295082
1922,0.361,323.3458996,0,91,,,,,,,,28.14323612,,,,,,,32334.58996,,3.233458996
1924,0.406,418.9379215,11,69,,,,,,,,16.47022064,,,,,,,41893.79215,,4.189379215
1925,0.45,432.5985909,0,32,,,,,,,,7.397157705,,,,,,,43259.85909,,4.325985909
1927,0.428,479.3457985,0,83,,,,,,,,17.31526599,,,,,,,47934.57985,,4.793457985
1929,0.402,429.6512604,0,72,,,,,,,,16.75777698,,,,,,,42965.12604,,4.296512604
1931,0.385,280.7207108,2,87,,,,,,,,30.99165706,,,,,,,28072.07108,,2.807207108
1932,0.4435,430.1567078,0,87,,,,,,,,20.22518734,,,,,,,43015.67078,,4.301567078
1935,0.415,311.9688034,0,8,,,,,,,,2.564358972,,,,,,,31196.88034,,3.119688034
1937,0.3555,379.6284199,0,104,,,,,,,,27.39520925,,,,,,,37962.84199,,3.796284199
1938,0.4365,393.0616379,0,24,,,,,,,,6.105912581,,,,,,,39306.16379,,3.930616379
1944,0.3875,324.1150379,0,6,,,,,,,,1.851194576,,,,,,,32411.50379,,3.241150379
1946,0.412,372.7202415,20,66,,,,,,,,17.70765112,,,,,,,37272.02415,,3.727202415
1950,0.416,299.6003628,31,93,,,,,,,,31.04135093,,,,,,,29960.03628,,2.996003628
1952,0.376,361.2844944,0,67,,,,,,,,18.54494202,,,,,,,36128.44944,,3.612844944
1953,0.4395,484.0714931,0,88,,,,,,,,18.17913289,,,,,,,48407.14931,,4.840714931
1954,0.463,527.5633335,0,99,,,,,,,,18.76551946,,,,,,,52756.33335,,5.275633335
1955,0.4305,396.3882923,25,104,,,,,,,,26.23690003,,,,,,,39638.82923,,3.963882923
1956,0.3575,316.9426918,0,45,,,,,,,,14.19815038,,,,,,,31694.26918,,3.169426918
1958,0.396,477.7750969,0,131,,,,,,,,27.4187585,,,,,,,47777.50969,,4.777750969
1959,0.3815,407.0937634,37,104,,,,,,,,25.54694013,,,,,,,40709.37634,,4.070937634
1962,0.3545,278.4421444,2,99,,,,,,,,35.55496249,,,,,,,27844.21444,,2.784421444
1963,0.4035,386.4767551,0,36,,,,,,,,9.314919856,,,,,,,38647.67551,,3.864767551
1965,0.3445,236.2370491,31,73,,,,,,,,30.90116486,,,,,,,23623.70491,,2.362370491
1967,0.368,386.6510391,0,104,,,,,,,,26.89763882,,,,,,,38665.10391,,3.866510391
1968,0.414,382.7338219,0,20,,,,,,,,5.225563788,,,,,,,38273.38219,,3.827338219
1969,0.3545,212.4269009,17,61,,,,,,,,28.71576045,,,,,,,21242.69009,,2.124269009
1970,0.399,238.173008,17,81,,,,,,,,34.00889155,,,,,,,23817.3008,,2.38173008
1971,0.419,258.6183548,13,45,,,,,,,,17.40015709,,,,,,,25861.83548,,2.586183548
1972,0.3815,252.3407936,24,82,,,,,,,,32.49573675,,,,,,,25234.07936,,2.523407936
1974,0.345,198.3275414,32,78,,,,,,,,39.32887961,,,,,,,19832.75414,,1.983275414
1975,0.413,389.1410828,0,93,,,,,,,,23.89878738,,,,,,,38914.10828,,3.891410828
1977,0.408,447.0665455,0,89,,,,,,,,19.90755088,,,,,,,44706.65455,,4.470665455
1978,0.374,368.5657978,32,60,,,,,,,,16.27931847,,,,,,,36856.57978,,3.685657978
1983,0.4125,365.8292294,0,77,,,,,,,,21.04807211,,,,,,,36582.92294,,3.658292294
1984,0.353,348.862648,6,111,,,,,,,,31.81767972,,,,,,,34886.2648,,3.48862648
1985,0.403,377.726078,0,82,,,,,,,,21.70885326,,,,,,,37772.6078,,3.77726078
1986,0.393,188.4477139,26,61,,,,,,,,32.36972141,,,,,,,18844.77139,,1.884477139
1988,0.344,341.1512375,0,69,,,,,,,,20.2256338,,,,,,,34115.12375,,3.411512375
1992,0.434,444.4556236,0,65,,,,,,,,14.62463215,,,,,,,44445.56236,,4.444556236
1994,0.3625,308.7842464,20,66,,,,,,,,21.37414741,,,,,,,30878.42464,,3.087842464
1995,0.3735,300.7948399,29,81,,,,,,,,26.92865344,,,,,,,30079.48399,,3.007948399
1996,0.417,449.2976665,0,75,,,,,,,,16.69271968,,,,,,,44929.76665,,4.492976665
2000,0.352,212.8911018,7,73,,,,,,,,34.28983146,,,,,,,21289.11018,,2.128911018
